id,domain,status,purchase_price,renewal_price,attractiveness,demand,length,registrar,created_at,expires_at,status_verified_at
07cc56a7-b8b0-45fc-8680-b28c842150f4,oblique.rehab,available,14.99,52.99,high,low,7,name.com,,,14/08/2026 05:11
e2df6a5d-97a3-40b1-bf8b-11087442917e,rimed.rehab,available,36.99,36.99,medium,low,5,namesilo,,,09/09/2026 17:39
2f1682a2-c6d1-4454-bf27-91975847d3e6,apidae.rehab,available,36.99,36.99,medium,low,6,namesilo,,,19/09/2026 17:24
059b29d8-5b1f-46b1-a0c1-c05554af6803,reprobate.rehab,available,14.99,52.99,medium,low,9,name.com,,,14/08/2026 02:38
c2d80e67-ad89-4880-94ce-c79cf872b303,scrimpy.rehab,available,14.99,52.99,medium,low,7,name.com,,,24/08/2026 18:10
d2d29150-889b-43a8-aaea-529257cfccad,resonant.rehab,available,14.99,52.99,high,low,8,name.com,,,17/08/2026 15:19
c0fec530-6578-41a7-929d-5b0a71d3c2e5,withdrawn.rehab,available,14.99,52.99,medium,low,9,name.com,,,22/08/2026 03:25
945babed-3255-41b2-bc99-3b4658f108a5,consul.rehab,available,36.99,36.99,high,low,6,namesilo,,,24/09/2026 17:37
eda98b17-c176-4e9a-98ff-a16333003267,obscenity.rehab,available,38.48,47.48,medium,low,9,namecheap,,,22/09/2026 16:47
fddc4f56-d297-4283-b800-391e63ef703e,thusly.rehab,available,36.99,36.99,medium,low,6,namesilo,,,16/09/2026 09:04
c9e0288e-abfa-4158-9411-4859d260e3d1,omphalos.rehab,available,36.99,36.99,high,low,8,namesilo,,,23/09/2026 06:37
1ac1af23-d056-466e-8e58-815b602935cc,anorexic.rehab,available,14.99,52.99,medium,low,8,name.com,,,
ece20345-1523-4e97-aea0-09454abfd9a3,maximizing.rehab,available,14.99,52.99,high,low,10,name.com,,,24/08/2026 17:56
9783585f-b65e-4483-afdf-252bfd234435,worsening.rehab,available,14.99,,medium,low,9,name.com,,,
e52738e3-6c04-4484-9fd0-06927ea75a3c,cleanly.rehab,available,14.99,52.99,high,low,7,name.com,,,12/08/2026 10:21
a1f3bcef-b293-48b0-a08d-a61e230ad177,absolutely.rehab,available,14.99,,high,low,10,name.com,,,
7b44ca8d-aef6-45b5-ab42-e5ce45498050,judgement.rehab,available,14.99,,high,low,9,name.com,,,
7707b225-3304-444a-8581-659b74733464,entire.rehab,available,14.99,52.99,high,low,6,name.com,,,17/08/2026 09:57
26613206-1bf8-457c-9abe-28a169c612ca,punish.rehab,available,36.99,36.99,high,low,6,namesilo,,,27/09/2026 06:05
2a4a4834-87a5-4511-a269-95d4343d227b,aum.rehab,available,38.48,47.48,high,low,3,namecheap,,,21/09/2026 04:10
0b28a9e8-5b8c-4949-bf4b-860ffe5be1d5,arquebus.rehab,available,36.99,36.99,medium,low,8,namesilo,,,20/09/2026 08:40
b61cc9c7-3f45-41c5-b35a-dca83cf33921,montane.rehab,available,14.99,52.99,high,low,7,name.com,,,25/08/2026 05:41
0eae9bcc-e853-4ba5-9469-19c2326966f8,energetic.rehab,available,14.99,52.99,high,low,9,name.com,,,17/08/2026 05:58
596bdad6-cbbc-4df4-925b-b3c09d79fe2e,broached.rehab,available,14.99,52.99,medium,low,8,name.com,,,
a589fe10-95c8-45ec-915d-6c848efe9501,pilot.rehab,premium,242,242,high,low,5,namesilo,,,
eff79b7b-e0dc-49bd-b20e-5babed805e89,indium.rehab,available,36.99,36.99,medium,low,6,namesilo,,,20/09/2026 23:11
4b1f4f50-575c-4ab1-ba9b-ea9675afbddb,plumb.rehab,available,14.99,52.99,high,low,5,name.com,,,12/08/2026 10:05
1275ab83-21e2-4b38-936b-097f87e98c96,flavorful.rehab,available,14.99,52.99,high,low,9,name.com,,,18/08/2026 07:04
cf6e438b-822e-44fb-a60f-c1376114e225,soothes.rehab,available,36.99,36.99,medium,low,7,namesilo,,,20/09/2026 05:20
74d36faa-48ed-4ae7-ba91-eca7b0f6ce49,disulfiram.rehab,available,36.99,36.99,high,low,10,namesilo,,,19/09/2026 12:22
6a71d9dd-edad-40ce-a998-8f2bbe6a9469,smarted.rehab,available,36.99,36.99,medium,low,7,namesilo,,,20/09/2026 16:41
7d992103-b40c-4b2e-9180-5c1303c31bd7,cashier.rehab,available,36.99,36.99,high,low,7,namesilo,,,22/09/2026 02:24
b4596b34-c2e4-47ad-af8d-420e85fefb14,middling.rehab,available,14.99,52.99,medium,low,8,name.com,,,22/08/2026 13:46
549b13cc-3a75-4292-9a58-9c1b2e11be1b,budding.rehab,available,14.99,52.99,high,low,7,name.com,,,11/08/2026 07:42
e8937273-2c08-439d-a73a-b727207fcc4c,chalky.rehab,available,14.99,52.99,medium,low,6,name.com,,,11/08/2026 13:39
c4e52c5f-546f-434f-8a1c-2b6a91ead71d,enzymatic.rehab,available,14.99,52.99,medium,low,9,name.com,,,17/08/2026 10:08
fef803b1-234d-49f1-8e42-48f485763280,untired.rehab,available,38.48,47.48,medium,low,7,namecheap,,,12/09/2026 21:29
99cf6885-1329-416f-93f7-d0baadb1c2fa,five.rehab,available,14.99,52.99,high,low,4,name.com,,,
4e377573-192f-4143-9af0-95a4ef93b4f7,tetragon.rehab,available,14.99,52.99,medium,low,8,name.com,,,09/09/2026 07:24
8b78a8d5-2a0d-4a1f-9560-005c9784c2f8,outre.rehab,available,14.99,52.99,medium,low,5,name.com,,,10/08/2026 10:39
e53c67f9-e8ff-4deb-8189-e565c1998e59,impellent.rehab,available,14.99,52.99,medium,low,9,name.com,,,21/08/2026 22:03
0adda392-69d6-4b62-a3f5-9728d136698d,resources.rehab,available,14.99,,high,low,9,name.com,,,
c4b7d74c-3340-49b6-b19a-fe9a86772d1a,mercury.rehab,available,38.48,47.48,high,medium,7,namecheap,,,09/09/2026 08:45
b2d55042-f0fa-40c7-b920-d42d6cfe3044,badge.rehab,available,38.48,47.48,high,low,5,namecheap,,,19/09/2026 15:56
7405b5bb-a2a1-439f-bf25-809b663c3d7b,slower.rehab,available,36.99,36.99,high,low,6,namesilo,,,16/09/2026 02:42
472756bc-97e1-45f0-9487-02ebd80da33c,snapping.rehab,available,14.99,,high,low,8,name.com,,,
26c4e4fb-5dc6-4b49-aeb0-a9bd922d0e5e,abetment.rehab,available,36.99,36.99,high,low,8,namesilo,,,16/09/2026 15:17
6c43af43-0dcd-4ca5-9977-044e547c3154,bucks.rehab,available,36.99,36.99,high,low,5,namesilo,,,25/09/2026 13:26
0574e5fa-6c48-466c-a403-9800f38ed51b,alto.rehab,available,14.99,52.99,high,low,4,name.com,,,
1aaa2f0a-a82f-4983-8fe5-c9f7dde53893,garbanzo.rehab,available,36.99,36.99,high,low,8,namesilo,,,24/09/2026 14:31
75de12f7-ca1f-488d-a8b8-27df775a182a,uproar.rehab,available,14.99,,high,low,6,name.com,,,
67956e97-ea3d-4dec-8447-5583a746d8bd,foursquare.rehab,available,14.99,52.99,high,low,10,name.com,,,18/08/2026 13:48
6e15bf82-0e33-4fcd-ba4e-9bfbaf4dfbba,congress.rehab,available,36.99,36.99,high,low,8,namesilo,,,24/09/2026 13:02
fcec6ceb-c4b4-4d5c-a0b6-6fd79fabcbeb,laboring.rehab,available,14.99,52.99,medium,low,8,name.com,,,14/08/2026 19:56
7a5455ab-a155-4717-bd25-8231d658779b,tokyo.rehab,premium,78.54,78.54,high,low,5,namesilo,,,24/09/2026 12:18
6205b799-bccf-415a-ab86-798a9d96afe7,unmeasured.rehab,available,14.99,52.99,medium,low,10,name.com,,,21/08/2026 20:53
070b3240-dac6-42c4-b6dd-c4719ab5409c,dispersal.rehab,available,36.99,36.99,high,low,9,namesilo,,,24/09/2026 22:58
9e91562c-526c-4b16-95cb-69b12ad591c5,azote.rehab,available,38.48,47.48,medium,low,5,namecheap,,,21/09/2026 11:27
80df477d-af65-431a-8b4f-c464b8e7ce04,autocracy.rehab,available,36.99,36.99,medium,low,9,namesilo,,,21/09/2026 06:08
6cdb2fbf-e89a-47e1-a046-12c7f608b3b1,inimitable.rehab,available,14.99,52.99,high,low,10,name.com,,,22/08/2026 05:23
66ac0170-01f2-462a-ac69-bfe0c4d76b37,negative.rehab,available,36.99,36.99,high,low,8,namesilo,,,24/09/2026 11:09
e3f65290-6229-47a4-8b35-c73c5609a7a5,crooner.rehab,available,38.48,47.48,high,low,7,namecheap,,,21/09/2026 22:42
29bc2704-a2a9-4228-a24c-6886ceef1017,succulent.rehab,available,36.99,36.99,high,low,9,namesilo,,,11/09/2026 00:58
69f1c9ee-07c7-489b-9217-81ed8de65997,blackburn.rehab,available,36.99,36.99,high,low,9,namesilo,,,24/09/2026 02:11
01580963-c7a4-4582-b59d-987095a40da4,reset.rehab,available,,,high,medium,5,,,,
4f6e328b-912c-4994-9399-7074cc96f01a,channel.rehab,available,14.99,,high,low,7,name.com,,,
358ff029-d230-4996-9453-8eadce8d0c7c,cheapjack.rehab,available,14.99,52.99,medium,low,9,name.com,,,12/08/2026 03:25
cf6e4d7d-f0af-4ebc-9e0d-25616aa6c600,rapid.rehab,premium,128.7,128.7,high,low,5,namecheap,,,19/09/2026 15:13
9c64a9ea-eeb9-4b59-9ec5-d9b6953c8464,spinoza.rehab,available,36.99,36.99,high,low,7,namesilo,,,22/09/2026 09:34
90405cea-5493-4de3-b269-594464729fa0,lumbar.rehab,available,14.99,52.99,high,low,6,name.com,,,24/08/2026 11:06
5560119d-c4a2-4512-a100-88f25c6214d2,carl.rehab,available,38.48,47.48,high,medium,4,namecheap,,,25/09/2026 11:30
ac5e0f06-514b-4ad4-9bdf-f130e3cb186b,within.rehab,available,14.99,,high,low,6,name.com,,,
c084e571-8ea4-46ac-a647-527c59a92d95,eighteen.rehab,available,36.99,36.99,high,low,8,namesilo,,,21/09/2026 11:58
bbd96081-1def-48e0-be8f-b98a627e8f91,perfidy.rehab,available,36.99,36.99,medium,low,7,namesilo,,,23/09/2026 11:25
456fdd12-5e2b-4103-9c8e-f3cfe3a9f025,keyset.rehab,available,36.99,36.99,low,low,7,namesilo,,,21/09/2026 00:17
4388f7d5-dbf2-460a-8c3a-a0759343512d,woodstock.rehab,available,38.48,47.48,high,low,9,namecheap,,,25/09/2026 21:23
a76c0f33-2481-45b6-b980-6379b094ab66,okay.rehab,available,38.48,47.48,high,low,4,namecheap,,,22/09/2026 01:07
f5bc1b25-4296-42b8-bf06-aa86ebf124b9,nonrandom.rehab,available,38.48,47.48,medium,low,9,namecheap,,,03/09/2026 20:26
4b7f1699-c0ef-401b-9f04-73489c8b0b89,loveliness.rehab,available,36.99,36.99,high,low,10,namesilo,,,22/09/2026 22:21
a370c5c0-02c7-4da6-a1ed-31db38d40697,patriotic.rehab,available,36.99,36.99,high,low,9,namesilo,,,27/09/2026 03:06
6da36376-ef42-45b7-97e4-7ba8c21477be,tunica.rehab,available,36.99,36.99,medium,low,6,namesilo,,,17/09/2026 10:35
4b83ed60-57e8-462f-9801-bb665ac3e5a7,useable.rehab,available,14.99,52.99,medium,low,7,name.com,,,12/09/2026 23:57
d753d81d-9620-43c6-af7a-e37d9145952b,ironically.rehab,available,36.99,36.99,medium,low,10,namesilo,,,15/09/2026 09:24
52727da9-9496-4df8-9878-9dbbaeff5da6,boyfriend.rehab,available,36.99,36.99,high,low,9,namesilo,,,22/09/2026 21:55
4344f18e-d237-42cc-ae4f-c95fb36464bb,histrionic.rehab,available,14.99,52.99,medium,low,10,name.com,,,21/08/2026 09:57
05760d63-b984-4c37-bc53-4b222406ccaf,catoptric.rehab,available,14.99,52.99,medium,low,9,name.com,,,11/08/2026 22:12
9e01c036-97e8-41ff-b3a0-799e793bb376,splashed.rehab,available,14.99,52.99,high,low,8,name.com,,,13/08/2026 15:18
83205336-cf07-4e8c-9950-107bfe6a7df1,potential.rehab,available,36.99,36.99,high,low,9,namesilo,,,27/09/2026 04:46
1339ce11-878b-4a88-bfe8-5321ec2f5d3e,featured.rehab,available,36.99,36.99,high,low,8,namesilo,,,24/09/2026 17:26
b36c15b5-075c-4eca-8d07-f49c6abda409,asceticism.rehab,available,36.99,36.99,high,low,10,namesilo,,,20/09/2026 13:08
49de13bd-4ce8-47fd-a7e2-a87a6cfe0c93,aromatic.rehab,available,36.99,36.99,high,low,8,namesilo,,,22/09/2026 08:02
6d08fd0a-3f0d-4c70-a705-78fe95fbd1a8,broom.rehab,available,36.99,36.99,high,low,5,namesilo,,,24/09/2026 10:47
263f7672-5af3-427f-a195-99f9c8dfb3d0,mischief.rehab,available,36.99,36.99,high,low,8,namesilo,,,21/09/2026 21:54
65242f35-0760-453c-8b9d-13ed3dba19b3,buck.rehab,available,14.99,,high,low,4,name.com,,,
76c58665-62be-4672-9213-85a68abfc7eb,powerful.rehab,available,36.99,36.99,high,low,8,namesilo,,,23/09/2026 09:23
efc1ccf2-1c3c-4ab7-92c0-4666e8f0a0af,colourful.rehab,available,14.99,52.99,high,low,9,name.com,,,12/08/2026 17:51
9886b660-91de-4f46-9b89-557b111ee640,maintained.rehab,available,36.99,36.99,high,low,10,namesilo,,,25/09/2026 12:29
92514666-a06a-49b8-a8e0-cba8e58ff6fb,napkin.rehab,available,36.99,36.99,high,low,6,namesilo,,,03/09/2026 13:10
94cd2ede-2af2-4a19-b63d-c2d3dab60865,ionic.rehab,available,14.99,52.99,high,low,5,name.com,,,22/08/2026 09:29
3b183a07-d87f-468d-88e7-e22144490fe8,turtledove.rehab,available,36.99,36.99,medium,low,10,namesilo,,,21/09/2026 04:53
0e0a71a5-0c4e-4c73-aeb7-47f7b3552293,garrulous.rehab,available,14.99,52.99,medium,low,9,name.com,,,12/08/2026 03:20
c318e262-fcae-4618-8dd8-72b658b9d1d5,surroundings.rehab,available,36.99,36.99,high,low,12,namesilo,,,23/09/2026 13:59
713e72f2-808e-4295-8638-0f3518ff7643,xenon.rehab,available,36.99,36.99,high,low,5,namesilo,,,20/09/2026 23:13
d5735b7d-9c41-4db3-ad47-1e693e00be55,bel.rehab,available,36.99,36.99,high,low,3,namesilo,,,23/09/2026 04:21
6e240194-19c2-4721-b85c-5a35c4820986,magnetic.rehab,available,14.99,52.99,high,low,8,name.com,,,12/08/2026 02:32
8b099346-7b0e-40cd-9013-e519c3fe6f88,yellowcake.rehab,available,14.99,,medium,low,11,name.com,,,
34ba75ce-e41f-42e2-a7e6-6eb688194ef7,licentious.rehab,available,14.99,52.99,medium,low,10,name.com,,,23/08/2026 00:56
774d7db7-49d0-4698-bc4e-f718b210af80,residue.rehab,available,14.99,52.99,high,low,7,name.com,,,09/09/2026 15:05
a0b4e7b1-7d42-4c90-85ab-c5b42f4fc7db,tonsorial.rehab,available,36.99,36.99,medium,low,9,namesilo,,,11/09/2026 17:12
ecc23dbd-5e7a-4a63-9f6a-ca37e499d9d0,lubricious.rehab,available,14.99,52.99,medium,low,10,name.com,,,24/08/2026 10:50
f6ed2dc4-5982-4384-ad67-3b2f445456d0,bosomed.rehab,available,14.99,52.99,medium,low,7,name.com,,,10/08/2026 20:23
72aa88eb-f2d5-4661-b2ae-4a61ab9867bd,slay.rehab,available,36.99,36.99,high,low,4,namesilo,,,04/09/2026 00:55
97280e91-dc49-4eff-a061-a48b0d67204a,prater.rehab,available,36.99,36.99,medium,low,6,namesilo,,,21/09/2026 12:26
c69080aa-9a9f-4d2b-aabe-0d2f7b8a318f,assam.rehab,available,36.99,36.99,high,low,5,namesilo,,,20/09/2026 15:42
e7248015-547d-4584-8650-f9f7cfdc3377,diseased.rehab,available,14.99,52.99,medium,low,8,name.com,,,14/08/2026 10:08
be0c5e07-91b6-4895-9773-68d95090349a,superbly.rehab,available,14.99,,high,low,8,name.com,,,
b9a03084-3763-4e24-96fa-e9b4d1e260f9,naughty.rehab,available,14.99,52.99,high,low,7,name.com,,,18/08/2026 20:00
8079ca74-2fec-4226-9df4-c5cf1424cd9e,reclaimed.rehab,available,36.99,36.99,high,low,9,namesilo,,,09/09/2026 11:36
7c0d0565-4b46-457e-a0cc-753e85f493dd,liquors.rehab,available,36.99,36.99,medium,low,7,namesilo,,,20/09/2026 06:24
0ae46c62-433d-4c32-9cfa-badd560562a7,burnside.rehab,available,36.99,36.99,high,low,8,namesilo,,,16/09/2026 12:53
49eaa305-df3b-480e-a06a-bf9532226413,imperial.rehab,available,14.99,52.99,high,low,8,name.com,,,21/08/2026 22:11
fac4ae5d-e3f2-4480-8299-79ff7b0d639d,comparably.rehab,available,36.99,36.99,medium,low,10,namesilo,,,14/09/2026 07:37
115c8adb-4187-46aa-a353-560f24cf646b,mouthwash.rehab,available,14.99,,high,low,10,name.com,,,
90572b92-dddb-4037-9d12-c8ca6138a950,blithely.rehab,available,36.99,36.99,medium,low,8,namesilo,,,14/09/2026 00:31
771b8ab1-f778-4231-9604-a6368bd008ce,uncrowded.rehab,available,36.99,36.99,medium,low,9,namesilo,,,12/09/2026 06:35
ba8f13f7-9736-4c10-bcb0-1a558d4ef3e2,vegas.rehab,premium,242,242,high,low,5,namesilo,,,25/09/2026 15:39
7a447500-9170-4fe9-9976-ddc51967b628,cohesive.rehab,available,14.99,52.99,high,low,8,name.com,,,12/08/2026 16:05
efe7401f-c042-43cf-8128-72e0826ce897,androgyne.rehab,available,14.99,52.99,medium,low,9,name.com,,,17/08/2026 10:38
fac09c19-d39f-478f-a9ef-e8db0767905c,tertiary.rehab,available,14.99,52.99,medium,low,8,name.com,,,
32c5526e-613a-4558-b0f7-871615770b0e,willfully.rehab,available,36.99,36.99,medium,low,9,namesilo,,,16/09/2026 11:30
6d21a8bf-88c6-45b5-b03d-57e10a6b84bb,attends.rehab,available,36.99,36.99,medium,low,7,namesilo,,,17/09/2026 22:27
7706b806-2851-4fdd-ac7d-87179e2d02e3,cluster.rehab,available,36.99,36.99,high,low,7,namesilo,,,24/09/2026 11:12
dde2849e-009b-493d-b3ff-b2c264e4c5f2,beekeeping.rehab,available,38.48,47.48,high,low,10,namecheap,,,19/09/2026 17:24
0a5a4af4-128a-4e96-bc47-784823022697,thriving.rehab,available,14.99,52.99,high,low,8,name.com,,,10/08/2026 19:22
283e788a-822a-48b7-bf86-ef3b2754e176,digest.rehab,available,36.99,36.99,high,low,6,namesilo,,,24/09/2026 10:44
ba77cf07-14e2-43ab-bcd1-40ebf3195f8a,properly.rehab,available,14.99,52.99,high,low,8,name.com,,,13/08/2026 21:12
cc24d517-e26e-4d4e-9e55-d436df4d0a27,legged.rehab,available,14.99,52.99,high,low,6,name.com,,,22/08/2026 22:55
aeac096b-e4d9-42ef-824e-42e1b485ae55,sneezewort.rehab,available,36.99,36.99,medium,low,10,namesilo,,,17/09/2026 00:38
bad7db5a-d48f-436d-8bb0-d0d226388b2d,believable.rehab,available,14.99,52.99,medium,low,10,name.com,,,09/08/2026 13:01
4e81311f-9073-48ab-a42c-f9f57b8d6c44,bantam.rehab,available,14.99,52.99,high,low,6,name.com,,,08/08/2026 14:01
7f1979b0-b3ef-4a20-832b-18581bb3246b,dolorous.rehab,available,14.99,52.99,medium,low,8,name.com,,,14/08/2026 15:30
7a92064e-6fab-4b6b-ac26-c5e0022590b5,successors.rehab,available,38.48,47.48,medium,low,10,namecheap,,,20/09/2026 05:21
b1658296-8efc-4ff2-a430-4ba4901cdd62,hindu.rehab,available,14.99,52.99,high,low,5,name.com,,,21/08/2026 09:30
a8b4df06-d65b-4593-89aa-ebb58ce9c975,spheroidal.rehab,available,14.99,52.99,medium,low,10,name.com,,,16/08/2026 05:22
eee28535-dca7-4320-b541-082f56400bb4,bistre.rehab,available,36.99,36.99,medium,low,6,namesilo,,,23/09/2026 22:12
57312097-ff45-42cd-9205-aa9551288175,soigne.rehab,available,36.99,36.99,medium,low,6,namesilo,,,10/09/2026 13:28
eb4cc7fe-83d2-4b0d-ba7c-f1e0ed145baa,heroic.rehab,available,36.99,36.99,high,low,6,namesilo,,,24/09/2026 14:31
18ba9913-ac76-45ae-a674-581e1757c55c,aftertaste.rehab,available,36.99,36.99,high,low,10,namesilo,,,17/09/2026 15:52
b72aec87-b7b2-4849-98e9-ad27ad6cdb4e,belladonna.rehab,available,36.99,36.99,high,low,10,namesilo,,,21/09/2026 00:55
9952df22-f004-462c-908b-c51ed84292a7,such.rehab,available,14.99,,high,low,4,name.com,,,
70eb1a68-0a64-407f-9ca1-32df607cebfd,filetype.rehab,available,14.99,,medium,low,9,name.com,,,
6aec2b00-bb81-46f7-b8ae-aa235608285d,barrage.rehab,available,36.99,36.99,medium,low,7,namesilo,,,22/09/2026 07:57
f396ea24-8b26-4568-b0fb-519ca7deaf3e,audio.rehab,premium,242,242,high,low,5,namesilo,,,
2d3f07fb-d6fc-4c0e-8a9d-c02b3a84a82f,shoe.rehab,premium,250,,high,low,4,name.com,,,
7bf5e81e-8e8b-4729-b9ae-ac6df5050f62,laminal.rehab,available,14.99,52.99,medium,low,7,name.com,,,22/08/2026 19:09
d103c8c3-2075-4875-a5fb-2fdff13d8b73,crotch.rehab,available,36.99,36.99,medium,low,6,namesilo,,,24/09/2026 19:42
ce7e29b2-d8d6-48e9-bf3f-80627c18cca6,ames.rehab,available,36.99,36.99,high,low,4,namesilo,,,25/09/2026 12:32
75fd2b0d-90b8-4edf-8e6c-bcaa5e41f860,selection.rehab,available,14.99,52.99,high,low,9,name.com,,,12/08/2026 06:37
94bbb254-5faf-4f13-8f09-1b14a0b1a050,fain.rehab,available,14.99,52.99,medium,low,4,name.com,,,14/08/2026 12:05
199f9fd6-d449-4db1-800e-bd10bb3c82e5,totals.rehab,available,38.48,47.48,medium,low,6,namecheap,,,20/09/2026 12:03
40578bf7-8df9-4a92-a2f6-4ba2ee65ec0c,farms.rehab,premium,85.8,85.8,high,low,5,namecheap,,,19/09/2026 00:44
3662e414-ee20-48b7-a836-49347eea22d3,breads.rehab,available,36.99,36.99,medium,low,6,namesilo,,,18/09/2026 04:07
d47f2c6c-e934-4fa3-992e-342402b82481,snowstorms.rehab,available,36.99,36.99,low,low,10,namesilo,,,19/09/2026 21:56
3ea64263-3ceb-4a12-9cc0-f99294c99f88,fallacious.rehab,available,14.99,52.99,medium,low,10,name.com,,,13/08/2026 21:08
f4480ed5-01af-466e-9dff-19b62e94d5e1,prickly.rehab,available,14.99,52.99,high,low,7,name.com,,,08/08/2026 17:34
e6cf87e2-469c-486a-b69f-a16e0c27a41d,leafy.rehab,available,14.99,52.99,high,low,5,name.com,,,22/08/2026 21:57
6bd71980-791d-4bd7-978b-c03f1f380ce2,gracious.rehab,available,38.48,47.48,high,low,8,namecheap,,,24/09/2026 00:42
3e0d2420-b190-478a-a158-3c98e9842c6d,subsidiary.rehab,available,36.99,36.99,high,low,10,namesilo,,,22/09/2026 14:17
692f90aa-5211-4546-8595-b4bcfe7f2c2f,fear.rehab,available,38.48,47.48,high,low,4,namecheap,,,24/09/2026 12:06
00256ec8-48bb-4c4d-8e25-48700ded451f,thou.rehab,available,38.48,47.48,high,low,4,namecheap,,,21/09/2026 11:11
88a6a484-e805-47be-8c25-2984e3c6657c,monumental.rehab,available,38.48,47.48,high,low,10,namecheap,,,25/09/2026 17:13
3e6d2ecb-9892-44a7-b3e1-9ebbc116585e,advance.rehab,available,38.48,47.48,high,low,7,namecheap,,,21/09/2026 20:22
25178d37-2251-4a05-8730-2c50cc813568,ibidem.rehab,available,36.99,36.99,medium,low,6,namesilo,,,15/09/2026 01:34
806302ae-022d-41cf-b690-538371645fa6,hectic.rehab,available,14.99,52.99,high,low,6,name.com,,,18/08/2026 03:09
f94ff4b0-43d0-499f-bec8-98936d0bcedd,bromine.rehab,available,36.99,36.99,medium,low,7,namesilo,,,20/09/2026 22:58
e8ccbe3c-81d8-44ad-8d4e-d2ac7585d597,bailment.rehab,available,38.48,47.48,medium,low,8,namecheap,,,21/09/2026 19:09
91303623-209c-40f1-9805-1ee57da1ff56,soaker.rehab,available,14.99,52.99,medium,low,6,name.com,,,
55d77dcb-1e07-4790-bbb9-da8937bfb739,wager.rehab,available,38.48,47.48,high,low,5,namecheap,,,23/09/2026 10:51
0f5d7bb4-661d-4317-92c1-da2b56b54245,blattodea.rehab,available,36.99,36.99,medium,low,9,namesilo,,,24/09/2026 04:54
e766e283-e693-449c-b300-dc51409e578d,aries.rehab,available,36.99,36.99,high,low,5,namesilo,,,20/09/2026 05:23
56c8a827-7e2c-4c3f-a0d0-efc5a3cbaccf,granular.rehab,available,14.99,52.99,medium,low,8,name.com,,,12/08/2026 06:52
39a9f407-4e70-4682-92ba-9b297aefb61d,unpatented.rehab,available,36.99,36.99,medium,low,10,namesilo,,,12/09/2026 16:29
29aa4adc-9353-472f-8918-b0416674c47f,fuscous.rehab,available,14.99,52.99,medium,low,7,name.com,,,18/08/2026 19:02
9e854283-c839-4def-960e-06f2979c909d,alliaceous.rehab,available,14.99,52.99,medium,low,10,name.com,,,
db0eeb3e-be9b-4ccb-84f0-9403af43879f,troublous.rehab,available,36.99,36.99,low,low,9,namesilo,,,11/09/2026 20:27
a92cce9e-0794-4cdf-aa64-c6b451597671,patches.rehab,available,36.99,36.99,medium,low,7,namesilo,,,17/09/2026 08:45
443c044b-4693-4ef4-a94b-316c08409cbb,bulla.rehab,available,36.99,36.99,medium,low,5,namesilo,,,24/09/2026 05:20
b0b54a73-dbbb-4586-93cc-8c81ab982c29,musing.rehab,available,14.99,52.99,high,low,6,name.com,,,11/08/2026 05:58
6fc68c01-e6df-4050-afca-2b83bbce54a7,beery.rehab,available,14.99,52.99,medium,low,5,name.com,,,09/08/2026 08:12
1856c0e8-5085-400e-94a7-c1288d6f8875,male.rehab,premium,260,260,high,low,4,namecheap,,,25/09/2026 16:34
f8785bd8-411d-472a-ba8f-9ba835f7b497,cocaine.rehab,premium,,,high,low,7,"GoDaddy.com, LLC",29/12/2014 14:00,29/12/2026 14:00,27/09/2026 12:35
9f81e1a5-d356-442d-a054-f49906254f3a,keno.rehab,available,36.99,36.99,high,low,4,namesilo,,,22/09/2026 20:42
f40a230b-2758-451b-8f0d-4119af755123,guarantee.rehab,available,14.99,,high,low,9,name.com,,,
6e0f9fe0-fe4f-47bc-9b89-91394060d1af,miserly.rehab,available,14.99,52.99,medium,low,7,name.com,,,24/08/2026 23:45
03d8e183-9b24-4d5b-9ce9-c6b77cbbca48,ironlike.rehab,available,14.99,52.99,medium,low,8,name.com,,,22/08/2026 10:10
be4d0159-6a02-459a-bdcc-709e962b6d3e,nitric.rehab,available,14.99,52.99,medium,low,6,name.com,,,08/08/2026 02:58
510c0455-e229-442b-b534-28252cf03aeb,town.rehab,premium,78.54,78.54,high,low,4,namesilo,,,
aafd8186-1674-4362-b43b-c8b5a6652329,oxfam.rehab,available,14.99,,high,low,5,name.com,,,
935d36e9-1d4f-4e6c-affe-6bb3d7db2959,alcohols.rehab,available,38.48,47.48,medium,low,8,namecheap,,,20/09/2026 18:31
a5f03ee7-0296-4cdb-a86f-be47e55271f7,alternate.rehab,available,36.99,36.99,high,low,9,namesilo,,,22/09/2026 02:29
2b6268cb-88bb-4c75-ba8f-f8a40ad6a319,clouded.rehab,available,14.99,52.99,medium,low,7,name.com,,,12/08/2026 12:27
3a4fd96a-ced0-4804-8d71-3336e08c2f1e,automat.rehab,available,36.99,36.99,high,low,7,namesilo,,,21/09/2026 06:52
707d8873-b43a-4571-aa98-897c6f2b5940,remote.rehab,resell,,,high,medium,6,"Sav.com, LLC - 7",16/05/2025 15:16,16/05/2027 15:16,26/09/2026 08:35
bba9ddd4-5325-4fee-b6dc-3d57f8ce2aa1,chess.rehab,available,36.99,36.99,high,medium,5,namesilo,,,24/09/2026 10:43
a80ede17-52c8-4f3b-8641-493952cd79ec,guard.rehab,available,14.99,,high,low,5,name.com,,,
2c222992-68ad-425b-852e-29e95f22caba,selected.rehab,available,14.99,,high,low,8,name.com,,,
c6d9464f-9e05-4ecd-ad2a-06fa2bdaea76,central.rehab,premium,118.8,118.8,high,low,7,namesilo,,,23/09/2026 12:46
a1209d36-324a-4b71-a190-4559801051cf,wailing.rehab,available,14.99,52.99,medium,low,7,name.com,,,22/08/2026 19:04
a8d8c704-6809-4c29-ae3f-b330fffb15f2,fedex.rehab,available,14.99,,high,low,5,name.com,,,
5ab81b01-5f03-45b9-b199-def7309666cd,areopagus.rehab,available,36.99,36.99,medium,low,9,namesilo,,,20/09/2026 03:52
e7c7f9d2-7235-48ea-aaf4-93e0ed469187,wonky.rehab,available,14.99,52.99,medium,low,5,name.com,,,07/08/2026 03:46
63c2951b-309d-490b-a47a-76bd812996ae,ludicrous.rehab,available,14.99,52.99,medium,low,9,name.com,,,14/08/2026 02:58
5a435a6a-39aa-4a26-9b6b-baab0f1c6476,barefoot.rehab,available,14.99,52.99,high,low,8,name.com,,,08/08/2026 18:54
602b0ed6-283b-4465-abf5-c85a78e4957b,indigent.rehab,available,14.99,52.99,medium,low,8,name.com,,,14/08/2026 04:34
ab502c32-73a7-4555-8597-187d86b6c185,indorse.rehab,available,14.99,52.99,high,low,7,name.com,,,08/08/2026 05:17
32026879-b9de-49c8-a67b-07ffbb6bbe60,brawny.rehab,available,14.99,52.99,high,low,6,name.com,,,11/08/2026 02:47
39cdc662-bc76-47a6-bb21-0321a67ec9f4,quash.rehab,available,36.99,36.99,high,low,5,namesilo,,,13/09/2026 06:42
f83757e5-def6-49db-91db-d652c0dc12bd,baguette.rehab,available,14.99,,high,low,8,name.com,,,
efd67a88-26ee-42f1-9d41-a688ffdbfdcb,northwards.rehab,available,38.48,47.48,medium,low,10,namecheap,,,03/09/2026 21:25
75a28e87-3470-4731-8465-78aa59f40669,pawpaw.rehab,available,36.99,36.99,high,low,6,namesilo,,,20/09/2026 14:11
e974fa98-ed9c-48d1-9a69-7cd0870a0118,whispering.rehab,available,36.99,36.99,high,low,10,namesilo,,,03/09/2026 11:10
0af37643-4537-4a83-b079-926f87070cae,argon.rehab,available,36.99,36.99,high,low,5,namesilo,,,19/09/2026 23:19
8fdb7a3e-b409-44f0-bf8c-3f3941ec67f3,returning.rehab,available,14.99,,high,low,9,name.com,,,
6bb5a77d-9d99-4023-8d12-1885d881ddad,smashed.rehab,available,14.99,52.99,medium,low,7,name.com,,,09/08/2026 15:50
0a323e21-37c7-40cf-928b-7841fc015d96,combustive.rehab,available,14.99,52.99,low,low,10,name.com,,,12/08/2026 18:42
d8c02777-b4d9-4f09-a01d-5d373caf5d05,song.rehab,available,14.99,,high,low,4,name.com,,,
49c50c10-4a88-4523-b57f-5e7664b1a064,sported.rehab,available,38.48,47.48,medium,low,7,namecheap,,,20/09/2026 16:50
e5918d9b-0fbe-4b38-baa5-e47cb50cea1f,potty.rehab,available,14.99,52.99,high,low,5,name.com,,,16/08/2026 21:14
6cb5b5e2-02ba-48c7-b60e-2e1ee547b830,athos.rehab,available,38.48,47.48,medium,low,5,namecheap,,,20/09/2026 21:17
8bcdd589-fb65-4e4a-87dc-429696265e7b,update.rehab,available,14.99,,high,low,7,name.com,,,
c7d6f0d3-aebd-454a-bd6e-05fe8cda51ad,maximal.rehab,available,14.99,52.99,high,low,7,name.com,,,24/08/2026 17:54
1c3f3587-d59c-40e3-8b42-9ccfdb20e6f8,panels.rehab,available,36.99,36.99,medium,low,6,namesilo,,,19/09/2026 23:14
9504ae3a-8d8d-48f9-83c5-52ea53f2adb0,staff.rehab,premium,78.54,78.54,high,low,5,namesilo,,,25/09/2026 22:20
bd0ab441-28f6-4774-9738-4da31945edc9,drift.rehab,available,14.99,,high,low,5,name.com,,,
c696750a-1e05-4c93-aaf9-9241be014dc1,larghetto.rehab,available,14.99,52.99,medium,low,9,name.com,,,22/08/2026 19:57
f5803124-f631-43ee-8504-5885e92c6de5,aesthetic.rehab,available,38.48,47.48,high,low,9,namecheap,,,21/09/2026 21:10
6d5bdd74-32f6-4ce0-840d-5d91e402d59d,thinkable.rehab,available,36.99,36.99,high,low,9,namesilo,,,11/09/2026 13:28
b0783c87-10f9-49ae-8876-36b785fe72c9,oafish.rehab,available,14.99,52.99,medium,low,6,name.com,,,10/08/2026 19:32
8b7d891b-5c17-4b02-8b48-45c05363871b,stone.rehab,available,36.99,36.99,high,low,5,namesilo,,,19/09/2026 11:54
b45d0766-63d8-4a25-8746-b358e09ddcb9,basinet.rehab,available,36.99,36.99,medium,low,7,namesilo,,,22/09/2026 10:57
7b019d67-6b7a-47d2-8e6c-347c4b1df060,formally.rehab,available,36.99,36.99,high,low,8,namesilo,,,14/09/2026 19:42
290a102c-7eaf-43ce-8445-3ca22cdc6e62,erst.rehab,available,14.99,52.99,medium,low,4,name.com,,,17/08/2026 13:07
66f1b0a9-f3af-4928-892c-786ef2d82511,tramp.rehab,available,36.99,36.99,high,low,5,namesilo,,,10/09/2026 22:07
6687760b-60dc-4495-a0a9-143e801da853,covered.rehab,available,36.99,36.99,high,low,7,namesilo,,,24/09/2026 00:50
9a4c8563-f38b-40b1-9c6b-9aae68bf323d,uncapped.rehab,available,36.99,36.99,medium,low,8,namesilo,,,12/09/2026 04:44
ff535b4e-7978-48db-bcb7-f3a0e9486fa9,introduce.rehab,available,14.99,,high,low,9,name.com,,,
d35da050-d9c6-4802-ab05-e8498dc92862,sandals.rehab,available,38.48,47.48,high,low,7,namecheap,,,20/09/2026 14:52
e5252f3f-4708-470d-9fc2-c7e85b899810,guns.rehab,available,38.48,47.48,high,low,4,namecheap,,,17/09/2026 07:29
327777ab-a187-4485-8a0d-cb9a8c562282,bounded.rehab,available,14.99,52.99,medium,low,7,name.com,,,10/08/2026 21:52
c3bd8040-fcf3-4a7b-b215-69e95c067ab5,price.rehab,available,14.99,,high,low,5,name.com,,,
4bff9d03-dcfc-4a68-aee4-059913f9a499,measurable.rehab,available,14.99,52.99,high,low,10,name.com,,,24/08/2026 18:27
8f5c07fb-8dae-4440-aa03-007510a13f64,erudite.rehab,available,14.99,52.99,high,low,7,name.com,,,17/08/2026 13:10
6967c1db-e857-4caa-98c8-c1c8e008c2ea,passel.rehab,available,14.99,52.99,medium,low,6,name.com,,,25/08/2026 00:35
3886b249-e638-45bf-86f7-0690bd0bdfa4,movable.rehab,available,14.99,52.99,high,low,7,name.com,,,25/08/2026 08:56
af21f6c0-5ca2-45cb-8aa2-63d160ffb363,flop.rehab,available,36.99,36.99,high,low,4,namesilo,,,23/09/2026 12:03
1a4b8f03-cb46-4cb4-a27f-1c8bb43000fb,effulgent.rehab,available,14.99,52.99,medium,low,9,name.com,,,15/08/2026 16:23
9af5e33e-1511-4db6-a6f0-3db6d2d7ca1e,polonium.rehab,available,36.99,36.99,medium,low,8,namesilo,,,20/09/2026 23:54
e1b52d42-58c4-4751-b9c2-eed9d346109f,ambulances.rehab,available,36.99,36.99,medium,low,10,namesilo,,,21/09/2026 07:02
ecd71473-435a-442c-8cb8-bfac6f92e7eb,banting.rehab,available,36.99,36.99,medium,low,7,namesilo,,,22/09/2026 03:15
fefac811-ce75-44bb-9ccb-baeb58e00e35,atonement.rehab,available,36.99,36.99,high,low,9,namesilo,,,21/09/2026 00:28
7ec28864-72e2-4e96-9fed-d1c948543163,next.rehab,available,,,high,high,4,,,,
efc7aac4-3e82-4e09-957f-c6a610e54e3e,kyle.rehab,available,38.48,47.48,high,low,4,namecheap,,,25/09/2026 12:33
bc83a840-0371-4f50-b6d4-730c8238d1b5,headache.rehab,available,36.99,36.99,high,low,8,namesilo,,,24/09/2026 13:37
d2443fb8-48d0-4eb5-9893-8858152e0616,proven.rehab,available,36.99,36.99,high,low,6,namesilo,,,27/09/2026 08:25
86810d8d-6878-45bf-9bbe-2283d0c45636,tannic.rehab,available,36.99,36.99,medium,low,6,namesilo,,,11/09/2026 08:01
9e8e9691-13e6-426f-b88b-7c3d7fc1332a,intellect.rehab,available,14.99,52.99,high,low,9,name.com,,,22/08/2026 07:54
6b37f3aa-172c-4caf-ba18-d73110f25b5d,long.rehab,available,38.48,47.48,high,low,4,namecheap,,,24/09/2026 21:14
4ce1f985-a0da-4c05-9c14-6ee08603bce5,soberly.rehab,available,36.99,36.99,medium,low,7,namesilo,,,14/09/2026 22:10
c6c90cc6-50ad-47ac-b8e1-69ecc584b928,elegiac.rehab,available,14.99,52.99,medium,low,7,name.com,,,16/08/2026 03:28
f11d511d-f66b-4ea4-8156-7a575c097022,word.rehab,available,14.99,,high,low,4,name.com,,,
f91e2ba0-45d7-4526-894f-9044ac050642,told.rehab,available,14.99,,medium,low,4,name.com,,,
c0e96283-1a6e-4062-9671-01e403416fb4,nutrify.rehab,available,36.99,36.99,high,low,7,namesilo,,,18/09/2026 07:57
5aef44c7-d786-4a38-a9e3-43da46dfac4b,crossing.rehab,available,36.99,36.99,high,low,8,namesilo,,,27/09/2026 03:30
0ba73f7e-de7d-4aae-b37f-b272860bbf88,seven.rehab,available,14.99,52.99,high,medium,5,name.com,,,
3c33341c-a391-49eb-b484-e08ebd064f24,initial.rehab,available,38.48,47.48,high,low,7,namecheap,,,25/09/2026 09:36
ac6b2471-b00e-42e2-bbc9-535f24da7f45,achromic.rehab,available,14.99,52.99,medium,low,8,name.com,,,
084763a0-918d-44ad-b7c7-943fe83fde2c,customers.rehab,available,38.48,47.48,high,low,9,namecheap,,,25/09/2026 17:13
ddea9159-8650-4e92-891f-b0e9002226d1,unheard.rehab,available,36.99,36.99,medium,low,7,namesilo,,,12/09/2026 12:10
abf34ce0-08ae-481d-9f16-6f789d1de28e,nonskid.rehab,available,38.48,47.48,medium,low,7,namecheap,,,03/09/2026 20:36
b2f2e5a3-c820-465d-a30b-2927eaa98952,dismissive.rehab,available,14.99,52.99,medium,low,10,name.com,,,14/08/2026 11:49
c83e46a9-7904-4ee7-ba60-2e41e7b9b03b,funfair.rehab,available,36.99,36.99,high,low,7,namesilo,,,24/09/2026 16:14
ed7d3c17-fefe-4c57-a0f0-885ffd58a545,poriferous.rehab,available,36.99,36.99,medium,low,10,namesilo,,,08/09/2026 23:59
8bc07ef7-a127-4366-9927-5033c46ad469,planners.rehab,available,36.99,36.99,medium,low,8,namesilo,,,21/09/2026 08:32
7bdeec87-0643-43a2-af0d-4ed65daae49f,amenable.rehab,available,38.48,47.48,high,low,8,namecheap,,,22/09/2026 04:02
51053693-73b8-4296-898e-483408d1fd3a,touchy.rehab,available,14.99,52.99,medium,low,6,name.com,,,21/08/2026 14:42
26f4b3eb-4335-4d27-af2a-ede190b6f6bc,scold.rehab,available,36.99,36.99,high,low,5,namesilo,,,24/09/2026 16:34
1a2270a1-e635-47d8-9e7b-629a205f0c98,needy.rehab,available,36.99,36.99,medium,low,5,namesilo,,,24/09/2026 06:57
59c4752b-a5a0-40bb-a082-c5f54d3128f1,matchless.rehab,available,14.99,52.99,high,low,9,name.com,,,24/08/2026 17:00
08572437-6362-4594-a9bb-3ee42d78e0d5,homophobic.rehab,available,14.99,52.99,medium,low,10,name.com,,,21/08/2026 13:04
053c2961-0c22-46b0-ab66-a4c2df381310,clapper.rehab,available,38.48,47.48,medium,low,7,namecheap,,,19/09/2026 20:51
d8cbc257-ca6f-448f-8e39-79042bcee1a0,legion.rehab,available,36.99,36.99,high,low,6,namesilo,,,25/09/2026 13:28
3677bad4-1179-41d3-b17f-b81e3082ae39,corridor.rehab,available,14.99,,high,low,8,name.com,,,
00d59922-989e-4796-8c25-41d5fa9650d3,greedy.rehab,available,14.99,52.99,high,low,6,name.com,,,07/08/2026 22:09
5b005054-4aab-45a8-8a1b-5dae1e3219f9,ane.rehab,available,14.99,52.99,high,low,3,name.com,,,
6a326cbc-7f79-4822-b2e9-9bcc79671a23,squishy.rehab,available,36.99,36.99,high,low,7,namesilo,,,10/09/2026 16:26
a4bd2c09-5552-4d7e-89f0-a38f0f5e5143,notably.rehab,available,36.99,36.99,medium,low,7,namesilo,,,15/09/2026 16:54
d1b6ae9a-69a9-4c31-a21f-0ab4a7f19361,sunblind.rehab,available,36.99,36.99,medium,low,8,namesilo,,,21/09/2026 10:15
83ea27a1-00aa-4f15-a687-dcdfadaf84f3,piano.rehab,available,36.99,36.99,high,low,5,namesilo,,,27/09/2026 03:41
4721dbbb-bc1d-4c51-9409-708d47aadc68,metalloid.rehab,available,14.99,52.99,medium,low,9,name.com,,,24/08/2026 21:37
257e239d-eab5-4a79-9725-80d175df5026,goonie.rehab,available,36.99,36.99,medium,low,6,namesilo,,,23/09/2026 23:45
94dac38f-0e78-4648-9175-05d350c82344,missing.rehab,available,36.99,36.99,high,low,7,namesilo,,,25/09/2026 16:55
ceca6eba-a6f7-4cc7-bbf0-23c6a278de4e,flatulent.rehab,available,14.99,52.99,medium,low,9,name.com,,,12/08/2026 16:34
1ae5bb67-29f4-46a3-90f8-2f4b4f91e454,reputably.rehab,available,36.99,36.99,medium,low,9,namesilo,,,15/09/2026 23:17
5f6cc10a-f55b-4b3c-a65b-e24b20e3b77d,spider.rehab,available,36.99,36.99,high,low,6,namesilo,,,26/09/2026 00:23
ce4630a4-9741-4e17-b57c-1d6c8b0e1e16,gaunt.rehab,available,14.99,52.99,medium,low,5,name.com,,,10/08/2026 18:54
9c0f9bbd-1354-40e0-b3a3-66dacd5ce291,sixtieth.rehab,available,14.99,52.99,high,low,8,name.com,,,
7e3a4015-2361-457f-b2b9-b5c897ed4914,nutriment.rehab,available,36.99,36.99,high,low,9,namesilo,,,18/09/2026 07:52
ea7c932e-fd03-4979-930a-71dd6259e45c,reaction.rehab,available,38.48,47.48,high,low,8,namecheap,,,24/09/2026 14:16
54781af2-db1e-470a-ab6f-baa3729686ac,kidnapper.rehab,available,36.99,36.99,medium,low,9,namesilo,,,16/09/2026 14:52
6c743c66-0060-48cb-a3a1-077eb1dfa094,bendable.rehab,available,14.99,52.99,medium,low,8,name.com,,,09/08/2026 14:07
385fa381-2763-4731-863e-3adbec900280,gayly.rehab,available,14.99,52.99,medium,low,5,name.com,,,14/09/2026 00:29
4a4b5264-3c1c-47dc-bb34-09603e8c2437,nonuple.rehab,available,36.99,36.99,low,low,7,namesilo,,,03/09/2026 17:30
8aad5250-e723-4699-9ba5-1d22bcb3f362,course.rehab,available,36.99,36.99,high,low,6,namesilo,,,26/09/2026 03:35
c3176082-f8fd-4871-a6c0-5d79a582804b,stygian.rehab,available,14.99,52.99,medium,low,7,name.com,,,
a61dfb41-dde5-47e5-9c4f-5727dc1fe143,binoculars.rehab,available,36.99,36.99,high,low,10,namesilo,,,23/09/2026 17:37
ad3f34eb-6d09-4b97-b3f8-14997c566f41,apathy.rehab,available,36.99,36.99,medium,low,6,namesilo,,,19/09/2026 16:17
9b8f91f2-4474-4277-9383-a98ef2dab385,cyclic.rehab,available,14.99,52.99,high,low,6,name.com,,,13/08/2026 13:31
8156086c-e2aa-4005-8adb-4c975a531e9d,communism.rehab,available,36.99,36.99,high,low,9,namesilo,,,24/09/2026 16:38
1d24b418-8dc5-4b65-a0d2-2ad5abe9504d,agama.rehab,available,38.48,47.48,high,low,5,namecheap,,,17/09/2026 16:05
b47747f8-1b0e-40a3-8236-9dda93203364,atar.rehab,available,38.48,47.48,medium,low,4,namecheap,,,20/09/2026 19:24
6ad3cb3a-2481-442d-8a80-60b7baf0183d,amarelle.rehab,available,38.48,47.48,medium,low,8,namecheap,,,18/09/2026 15:55
eaf34903-1a24-43a4-9a5f-892669662766,starkers.rehab,available,38.48,47.48,low,low,8,namecheap,,,10/09/2026 18:51
4626fed2-9425-4385-b640-cbe9ad4a8762,clx.rehab,available,14.99,52.99,high,low,3,name.com,,,
42274b52-40f4-45eb-90bb-df8a4eee68a1,anzio.rehab,available,36.99,36.99,medium,low,5,namesilo,,,19/09/2026 16:01
78b4c633-0852-4f01-b869-33d538cf4bef,armin.rehab,available,36.99,36.99,high,low,5,namesilo,,,20/09/2026 07:10
97e0691f-1fca-4c17-9689-c04e3faa3475,leeward.rehab,available,14.99,52.99,medium,low,7,name.com,,,22/08/2026 22:34
e0a8c506-c063-47cb-8258-2e7b3284d699,anticancer.rehab,available,38.48,47.48,high,low,10,namecheap,,,22/09/2026 06:38
d68b50d6-1b22-4e9a-8ea4-27818b028dc0,inordinate.rehab,available,14.99,52.99,medium,low,10,name.com,,,17/08/2026 16:17
66652e02-5f4e-46c6-ab26-32d6c2ae8ebb,ford.rehab,available,,,high,high,4,,,,
7e2b5dd3-a584-4186-9d8f-058a914740ce,mansard.rehab,available,14.99,52.99,medium,low,7,name.com,,,24/08/2026 15:30
04922df7-78f2-4aec-85cd-979d30c7f8ae,linchpin.rehab,available,36.99,36.99,high,low,8,namesilo,,,21/09/2026 15:17
a3c5f245-0156-4612-a715-683153e05b39,carmelite.rehab,available,14.99,52.99,medium,low,9,name.com,,,11/08/2026 19:22
71f98ecd-be55-4a7c-90e1-027ad6a7927b,clastic.rehab,available,14.99,52.99,high,low,7,name.com,,,12/08/2026 09:56
2b81a470-f86d-4287-a269-0b6fa480d0fd,launches.rehab,available,36.99,36.99,high,low,8,namesilo,,,21/09/2026 09:09
dd860d9f-65b3-4794-be82-f96864e6412d,banff.rehab,available,38.48,47.48,high,low,5,namecheap,,,22/09/2026 01:44
5e130775-870e-4dbe-9634-287641ef5e4b,assegai.rehab,available,36.99,36.99,medium,low,7,namesilo,,,20/09/2026 15:40
de05b5ae-a25b-4040-95f3-35b08dfd1e0e,dances.rehab,available,14.99,,high,low,6,name.com,,,
70614af9-d03c-4d13-8871-0ac0c484e098,benzoate.rehab,available,36.99,36.99,medium,low,8,namesilo,,,23/09/2026 08:56
f1ba3149-fb0e-475d-8803-f1dad263580c,verbose.rehab,available,14.99,52.99,medium,low,7,name.com,,,24/08/2026 09:27
bc6dfc82-31cf-493e-b60f-7002fac356cf,zithromax.rehab,available,36.99,36.99,high,low,9,namesilo,,,21/09/2026 11:16
c3cb0cdb-833e-415f-86dd-1c75104ad535,belief.rehab,available,36.99,36.99,high,low,6,namesilo,,,23/09/2026 05:12
04394b77-612f-4e6a-9f22-775ffa0dfc31,airdrop.rehab,available,36.99,36.99,high,low,7,namesilo,,,17/09/2026 23:06
7ed2cd2c-96af-4a97-862e-c8ea2cca0129,christian.rehab,premium,1300,1300,high,medium,9,namecheap,,,23/09/2026 14:35
dd321225-8321-47c4-a0e9-dbf41e2695bd,puckish.rehab,available,14.99,52.99,medium,low,7,name.com,,,21/08/2026 22:29
c4ef1859-b6da-443e-bf61-9213a7ef7f50,glimmer.rehab,available,14.99,52.99,high,low,7,name.com,,,20/08/2026 14:19
4b9a7c8c-7769-41d3-b27e-f23a882f18eb,overfull.rehab,available,14.99,52.99,medium,low,8,name.com,,,20/08/2026 15:31
1668455b-8d0d-48be-866d-fe9ac3b9652b,inexplicit.rehab,available,14.99,52.99,medium,low,10,name.com,,,21/08/2026 22:39
bfea595d-7cec-4a7c-90b4-6b05060d5518,recommend.rehab,available,14.99,,high,low,9,name.com,,,
2c07e4e2-1640-446c-bd8e-7a16950996bf,warrior.rehab,available,36.99,36.99,high,low,7,namesilo,,,27/09/2026 05:52
40ab33b3-e503-4caf-8e25-81bf7041775d,hermit.rehab,available,36.99,36.99,high,low,6,namesilo,,,09/09/2026 11:42
40699af7-8b24-432d-9c57-d1fff355cb32,prostate.rehab,available,36.99,36.99,high,low,8,namesilo,,,09/09/2026 03:47
490d8150-05a3-4c6e-867e-98f714b6b455,prompts.rehab,available,36.99,36.99,high,medium,7,namesilo,,,20/09/2026 08:06
edd1da40-255b-4a5d-baef-f8ed944c4f61,squabble.rehab,available,36.99,36.99,high,low,8,namesilo,,,23/09/2026 13:15
b2105cf5-21ce-4eb1-a8a8-cde584b12d4b,infield.rehab,available,36.99,36.99,high,low,7,namesilo,,,22/09/2026 10:07
55335a32-ee7a-4e25-bedc-83c5e04289d9,coloring.rehab,available,14.99,52.99,high,low,8,name.com,,,12/08/2026 17:31
a705e18c-3c85-4062-a679-3b9920d5a376,galvanic.rehab,available,14.99,52.99,medium,low,8,name.com,,,18/08/2026 19:44
0b9f1215-81f4-49dd-a538-095975f79a38,axseed.rehab,available,36.99,36.99,medium,low,6,namesilo,,,21/09/2026 10:31
923266a1-3b69-4238-b490-a0575073a655,adscript.rehab,available,14.99,52.99,medium,low,8,name.com,,,
53405580-cfb5-4c6a-adcb-eb0badbaf058,chorally.rehab,available,36.99,36.99,medium,low,8,namesilo,,,14/09/2026 06:49
0cc1e404-3988-493a-8f97-5226b9b06b2e,unflagging.rehab,available,14.99,52.99,high,low,10,name.com,,,22/08/2026 02:31
48a67297-dc78-49ff-8b1f-3f997856927c,israeli.rehab,available,14.99,52.99,high,low,7,name.com,,,22/08/2026 11:32
4f2e5b7d-fa8c-47f6-b07c-f75d0cbb4e9e,footle.rehab,available,36.99,36.99,medium,low,6,namesilo,,,11/09/2026 08:27
dbba7e66-20ae-4366-8324-0dee5e7013cd,concord.rehab,available,38.48,47.48,high,low,7,namecheap,,,16/09/2026 22:58
c41c767c-348c-48bc-86e7-b08f5bf2d571,rush.rehab,available,36.99,36.99,high,low,4,namesilo,,,24/09/2026 18:44
a52dd4e2-63be-4b2e-a430-1f2b81e12bcf,lewis.rehab,available,36.99,36.99,high,low,5,namesilo,,,25/09/2026 03:55
b7b003d9-7f70-4c62-b8b7-dca8a32decf2,herds.rehab,available,38.48,47.48,medium,low,5,namecheap,,,19/09/2026 20:40
e4ddf118-1421-469b-af24-c88d8a8dd357,resistible.rehab,available,36.99,36.99,medium,low,10,namesilo,,,09/09/2026 15:20
7cce9275-e282-4b0a-9a90-8633596c6ad4,suspects.rehab,available,36.99,36.99,medium,low,8,namesilo,,,27/09/2026 03:17
94cdc54b-0287-4bdc-bc10-54bf8e049236,recovered.rehab,available,14.99,52.99,high,low,9,name.com,,,13/08/2026 11:06
aa712c5a-0557-49a9-a443-1f53fa4263c2,norseman.rehab,available,38.48,47.48,high,low,8,namecheap,,,03/09/2026 21:43
8d10ca4c-bc4b-49ce-926d-543375f69a47,geared.rehab,available,14.99,52.99,high,low,6,name.com,,,18/08/2026 20:59
864d59ac-5ad1-43f9-b51f-b161be29088a,hunger.rehab,available,14.99,,high,low,6,name.com,,,
274f36be-9ab6-4af4-9f77-b96f1aef29d1,cameron.rehab,available,38.48,47.48,high,low,7,namecheap,,,25/09/2026 21:03
cd157cb7-62f0-4cb7-82b0-ee1f728c0fe8,blanched.rehab,available,14.99,52.99,medium,low,8,name.com,,,07/08/2026 02:14
fdef92a0-749e-48a6-a2c2-4fe87a026fd6,bulb.rehab,available,14.99,,high,low,4,name.com,,,
f206b7f5-3e23-4da9-9d6d-5fa335d6e129,headlong.rehab,available,14.99,52.99,medium,low,8,name.com,,,21/08/2026 01:16
35ec1406-148b-42db-9d79-e8f459ca2853,impaired.rehab,available,14.99,52.99,medium,low,8,name.com,,,21/08/2026 21:40
b3494b34-9a9e-4404-af6d-c78044bdb9a3,unknowable.rehab,available,36.99,36.99,medium,low,10,namesilo,,,12/09/2026 14:17
a2f342d3-4d57-4fac-b594-11c9cf5aec8a,thalassic.rehab,available,36.99,36.99,medium,low,9,namesilo,,,11/09/2026 12:22
b89a76ca-54a3-409a-b03d-bb2b43b76444,conductive.rehab,available,14.99,52.99,high,low,10,name.com,,,12/08/2026 20:33
9507991f-3d7d-44ee-ab4a-3b7d46e449ed,hydrated.rehab,available,14.99,52.99,high,low,8,name.com,,,21/08/2026 16:16
897d5913-2b8b-4fee-9629-9d0b824c08c1,offices.rehab,available,38.48,47.48,medium,low,7,namecheap,,,18/09/2026 05:07
25bc0e91-eb09-439f-abc8-4e06f1dc2f6a,twits.rehab,available,38.48,47.48,low,low,5,namecheap,,,21/09/2026 06:16
9ee3f779-f76e-4930-9896-29302873e542,tired.rehab,available,36.99,36.99,high,low,5,namesilo,,,22/09/2026 16:41
31f59d36-350a-48fb-b77b-fe467c9c7c0a,slashed.rehab,available,36.99,36.99,high,low,7,namesilo,,,10/09/2026 10:06
4aff1491-a0e2-4d9b-afad-fc931a809b95,heaps.rehab,available,36.99,36.99,high,low,5,namesilo,,,14/09/2026 23:17
1d95fabe-bd64-4b3d-bc3d-9e83506ad879,pubescent.rehab,available,36.99,36.99,high,low,9,namesilo,,,09/09/2026 05:15
38f01241-5810-48de-adfa-600ab91569be,congratulations.rehab,available,14.99,,high,low,15,name.com,,,
7235c346-0813-4356-a92b-2839f79cb9f6,bathhouse.rehab,available,38.48,47.48,high,low,9,namecheap,,,22/09/2026 13:35
7190510f-cf56-4f74-803c-8933a0c89ee8,muscovite.rehab,available,36.99,36.99,medium,low,9,namesilo,,,03/09/2026 11:26
5cba5403-82ec-4027-8a38-c67352188b80,endemical.rehab,available,14.99,52.99,medium,low,9,name.com,,,17/08/2026 00:53
2526ae48-ad8e-4979-9966-e550ddacefd2,mosaic.rehab,available,14.99,52.99,high,medium,6,name.com,,,25/08/2026 06:45
51d82ebb-aedd-46b5-be03-41859f5dc8ff,drugless.rehab,available,14.99,52.99,high,low,8,name.com,,,14/08/2026 20:11
31ce9944-d77e-40b9-9441-d44374b442cb,relations.rehab,available,14.99,,high,low,9,name.com,,,
711315b1-217d-4dee-b514-3be3abe58256,beastly.rehab,available,14.99,52.99,medium,low,7,name.com,,,09/08/2026 04:54
a4f9ab69-f087-437f-a366-c0c5af5f6f2b,metallic.rehab,available,14.99,52.99,high,low,8,name.com,,,24/08/2026 21:34
5ca19d81-7f3f-40aa-b98f-76e3be31df19,rushed.rehab,available,14.99,,high,low,6,name.com,,,
1484137b-7e27-4d73-90fb-0174b1628431,abrasion.rehab,available,36.99,36.99,high,low,8,namesilo,,,16/09/2026 16:56
0725f374-0879-4406-aed0-1ffd12494bed,striking.rehab,available,36.99,36.99,high,low,8,namesilo,,,27/09/2026 07:25
db427b52-112f-4546-9acb-a35de87161d5,skyline.rehab,available,38.48,47.48,high,low,7,namecheap,,,19/09/2026 20:18
f3697b14-b7d6-4eee-af91-daeed9db7cce,ayah.rehab,available,36.99,36.99,high,low,4,namesilo,,,21/09/2026 10:32
f7c2efdc-f642-4098-b705-2b4c0ef28d9b,ballota.rehab,available,36.99,36.99,medium,low,7,namesilo,,,21/09/2026 23:16
469c00b6-541b-42bc-a669-a84f7c153f65,saw.rehab,available,14.99,,high,low,3,name.com,,,
072020ae-cac7-432d-a74d-f0b61a9e1de0,mourning.rehab,available,14.99,52.99,medium,low,8,name.com,,,25/08/2026 08:38
202b3b54-14ec-44e8-9f51-8ca64ab99589,pen.rehab,available,38.48,47.48,high,low,3,namecheap,,,27/09/2026 03:22
85b473c2-47d4-4be8-8a57-02d70dbfac96,petty.rehab,available,38.48,47.48,high,low,5,namecheap,,,24/09/2026 17:49
c0da66f1-c908-4fae-a17b-3c4711fb9384,partizan.rehab,available,36.99,36.99,high,low,8,namesilo,,,08/09/2026 02:09
bc2bb3b5-6287-4c3b-b940-cca96d276e56,hot.rehab,premium,128.7,128.7,high,medium,3,namecheap,,,19/09/2026 15:25
9a96629b-442a-466a-99d0-bf4fbcc382b1,fully.rehab,available,14.99,52.99,high,low,5,name.com,,,18/08/2026 17:52
28c626f9-e313-4d73-a28c-6bc4d331dd17,dusts.rehab,available,36.99,36.99,low,low,5,namesilo,,,21/09/2026 01:44
8c168edd-966b-465b-8597-3a0bbbdeb275,house.rehab,premium,250,250,high,medium,5,name.com,,,24/09/2026 18:37
9a93faec-10b0-4598-ab43-5397d4432d3f,promise.rehab,available,14.99,,high,low,7,name.com,,,
4223605e-39c2-4f98-ab68-6a9aed30644c,feeling.rehab,available,14.99,,high,low,7,name.com,,,
25c6c8f6-ebc9-45e7-9572-376c15e75323,fusty.rehab,available,14.99,52.99,low,low,5,name.com,,,18/08/2026 16:42
ed2ce7ae-48a6-4d1b-b2db-565375ffb999,quat.rehab,available,36.99,36.99,medium,low,4,namesilo,,,17/09/2026 15:25
ce2a0e4b-4fb4-41b2-a8c0-0033cb4a7691,viewable.rehab,available,36.99,36.99,high,low,8,namesilo,,,13/09/2026 05:37
18b3312d-f175-4d38-8b43-62d3ab582046,simpleness.rehab,available,36.99,36.99,medium,low,10,namesilo,,,24/09/2026 13:51
2c192183-deef-468e-ba36-63c84e3c5218,lego.rehab,available,,,high,high,4,,,,
18459fc0-f6ad-4751-b8ae-4f30d9fa9354,bap.rehab,available,38.48,47.48,high,low,3,namecheap,,,22/09/2026 03:20
0feea255-bcfd-43db-9392-4335b5daa459,adrenal.rehab,available,14.99,52.99,high,low,7,name.com,,,
67f3ae66-1a92-42e8-a7f1-0ebb34d2957f,wheel.rehab,available,36.99,36.99,high,low,5,namesilo,,,27/09/2026 03:13
82491cd5-3b5b-4b6a-a2bf-9d90961eeb7e,mesolithic.rehab,available,14.99,52.99,medium,low,10,name.com,,,24/08/2026 21:17
3c7c6483-ba17-4af8-ba69-8d23def07ace,unfeasible.rehab,available,14.99,52.99,medium,low,10,name.com,,,21/08/2026 22:56
da672ff9-40ca-47fc-a338-0fbacb1a36c1,experient.rehab,available,14.99,52.99,medium,low,9,name.com,,,17/08/2026 18:12
aebcce10-829f-472e-b35a-0a87f3b7e28c,normally.rehab,available,14.99,,high,low,8,name.com,,,
2aa7636e-8b50-4879-9693-43cca96a1a12,quietly.rehab,available,38.48,47.48,high,low,7,namecheap,,,09/09/2026 08:49
ee5a4a2a-b3b5-4ac3-a31e-1d83fbba1702,ordnance.rehab,available,36.99,36.99,high,low,8,namesilo,,,20/09/2026 11:44
d2006172-1160-4fd1-8670-ccc7204a535e,boring.rehab,available,36.99,36.99,high,low,6,namesilo,,,23/09/2026 00:20
9738d221-3b48-4d6f-8e9e-c363d27a207d,dopy.rehab,available,14.99,52.99,medium,low,4,name.com,,,14/08/2026 16:02
b1f6279e-8860-4abb-9965-65d5762c74f6,woman.rehab,premium,242,242,high,low,5,namesilo,,,
646afc06-dfaa-44c1-a95d-95afa9fc3ad0,haste.rehab,available,14.99,,high,low,5,name.com,,,
348eed16-5967-47fc-8073-1aba4cfb16e1,sunhat.rehab,available,14.99,,high,low,6,name.com,,,
3669d5ee-b788-4a7e-a580-16d0cb90aae0,ancestral.rehab,available,14.99,52.99,high,low,9,name.com,,,
143cdde4-b26e-447b-a5b1-95e5bcef0123,coax.rehab,available,36.99,36.99,high,low,4,namesilo,,,24/09/2026 04:12
d4df3d26-bcdd-4c8c-be82-83ec7a4a0ad1,misgiving.rehab,available,36.99,36.99,medium,low,9,namesilo,,,24/09/2026 23:11
625d1bec-5188-4add-8759-33a3ef303dc3,definable.rehab,available,14.99,52.99,high,low,9,name.com,,,13/08/2026 23:28
a42643ac-4f4f-4936-9bdc-e0fb155bef0b,rounder.rehab,available,14.99,52.99,high,low,7,name.com,,,23/08/2026 00:51
3f9f455b-2f4d-4f7b-b4de-aa3a26cac1f4,receives.rehab,available,38.48,47.48,medium,low,8,namecheap,,,18/09/2026 17:46
e8060331-efed-45b6-8320-c987f41fc288,exobiology.rehab,available,36.99,36.99,medium,low,10,namesilo,,,20/09/2026 17:35
58e8f26a-1e2f-44c0-a5bf-8efba996253a,erotic.rehab,premium,242,242,high,low,6,namesilo,,,17/08/2026 12:42
449be0db-c87e-4582-a9cc-7da879ce01ef,filets.rehab,available,38.48,47.48,medium,low,6,namecheap,,,20/09/2026 11:33
d26f3d98-c396-4b1e-9b8b-5dba12840fad,editorial.rehab,available,14.99,52.99,high,low,9,name.com,,,15/08/2026 11:07
f73ec0bf-cc39-4b09-9dc0-cd9cf6dd6461,vault.rehab,available,38.48,47.48,high,medium,5,namecheap,,,22/09/2026 02:40
78eef13b-6146-468f-b339-452fc4627251,tile.rehab,available,14.99,,high,low,4,name.com,,,
7a1e8259-7e11-421c-bd59-621c7155b18a,laborer.rehab,available,14.99,,high,low,7,name.com,,,
23577662-2a66-4c16-aa15-8cf5fc3ce766,gismo.rehab,available,36.99,36.99,medium,low,5,namesilo,,,19/09/2026 21:49
54e36ac3-ca62-488d-8acc-a78a736c9933,lvi.rehab,available,14.99,52.99,high,low,3,name.com,,,
01dd01f3-5559-4ca2-ac1c-79b30fa6a451,toffee.rehab,available,14.99,52.99,high,low,6,name.com,,,11/08/2026 04:53
180bd9c4-7f4a-441c-b9d8-40535eb64d9f,unusual.rehab,available,14.99,,high,low,7,name.com,,,
a51161fd-3c1d-4aa9-9d64-44d603f59dc6,relieve.rehab,available,14.99,52.99,high,low,7,name.com,,,17/08/2026 17:04
caa7b2fe-92a1-46d5-9927-b957f4fabeda,mobs.rehab,available,36.99,36.99,medium,low,4,namesilo,,,18/09/2026 05:11
d54b0d09-45e5-4a25-b54b-0140a66e8336,comma.rehab,available,36.99,36.99,high,low,5,namesilo,,,24/09/2026 16:27
4a49a928-ea6f-4fc8-b964-57a90b5b9316,pratt.rehab,available,38.48,47.48,high,low,5,namecheap,,,25/09/2026 12:12
564bb6e4-f715-4898-8cc8-17767d7ce920,sheet.rehab,available,14.99,,high,low,5,name.com,,,
ac043edb-908b-4a73-a629-5192563e7733,alderman.rehab,available,36.99,36.99,medium,low,8,namesilo,,,18/09/2026 04:34
1918c75f-ebb2-4f70-a914-1a77c44ba3fe,esthetic.rehab,available,38.48,47.48,high,low,8,namecheap,,,21/09/2026 21:16
448c535e-0d6a-4305-bc5a-ab3b0b5f3aa8,mcmuffin.rehab,available,14.99,,high,low,8,name.com,,,
1fb221a8-8bbe-4f55-bd87-c48153cf96b1,dumbstruck.rehab,available,14.99,52.99,medium,low,10,name.com,,,14/08/2026 21:06
020c919d-73b1-4d42-949d-fe6ab3bf4f62,marry.rehab,available,36.99,36.99,high,low,5,namesilo,,,13/09/2026 09:36
6eebc5aa-33fc-4afd-9a20-8159034a0662,trailers.rehab,available,36.99,36.99,medium,low,8,namesilo,,,19/09/2026 01:06
b5325074-5576-4616-8c01-941e79d7203b,wig.rehab,available,14.99,,high,low,3,name.com,,,
8258daa7-3a66-4cc8-9497-150631ae95e8,pettifog.rehab,available,38.48,47.48,medium,low,8,namecheap,,,23/09/2026 13:20
9bd97d9c-ebd6-432a-95ae-4a833deca817,jerome.rehab,available,38.48,47.48,high,low,6,namecheap,,,25/09/2026 05:46
f8e472b3-02a9-4f21-a7aa-3410dcbb3c77,connectivity.rehab,available,36.99,36.99,high,low,12,namesilo,,,24/09/2026 02:41
9a5a778c-4b0d-40d4-88a9-b25806a148ab,bound.rehab,available,36.99,36.99,high,low,5,namesilo,,,22/09/2026 07:27
f6485d38-02bb-44ff-9638-7e7cd81560d7,inaccurate.rehab,available,14.99,52.99,medium,low,10,name.com,,,22/08/2026 00:09
68c0c136-f29d-45c1-bb7e-0aa3cef1d95a,seemed.rehab,available,36.99,36.99,medium,low,6,namesilo,,,18/09/2026 01:00
3fef3a84-c7b9-42af-b376-1eaed7e5951f,pool.rehab,available,14.99,,high,low,4,name.com,,,
f7a29c59-7374-4fde-b6a5-0fccce74b175,otic.rehab,available,14.99,52.99,medium,low,4,name.com,,,07/08/2026 17:41
6fc6bdc9-a6ad-462c-be94-4e1d5036a297,adulteress.rehab,available,38.48,47.48,medium,low,10,namecheap,,,17/09/2026 10:20
4c8d4853-7d65-4b3b-bdcb-d16c91c76534,val.rehab,available,38.48,47.48,high,low,3,namecheap,,,27/09/2026 06:29
44f94a0a-7c25-4274-9c0c-fde7349e7e5f,dowding.rehab,available,14.99,52.99,medium,low,7,name.com,,,14/08/2026 17:10
f6d8fd8b-51e4-4eac-9c9d-eb3082e721cf,surprise.rehab,available,14.99,,high,low,8,name.com,,,
768146fd-f244-4425-bcf9-4368a7e6cf08,ron.rehab,available,36.99,36.99,high,low,3,namesilo,,,25/09/2026 00:25
6b72bb9e-06ef-41ee-ba25-430ddbdc15ef,steps.rehab,premium,1107,1107,high,low,5,namesilo,,,
15142928-ae0c-49b5-899e-7b2d78fb49c7,nepalese.rehab,available,36.99,36.99,high,low,8,namesilo,,,03/09/2026 15:35
27028546-f741-4c62-8abd-50076bd5e82b,ghostlike.rehab,available,14.99,52.99,medium,low,9,name.com,,,06/08/2026 05:23
cd93e365-493a-4529-9b05-745a1c285e2c,rectangle.rehab,available,14.99,,high,low,9,name.com,,,
868699d0-2d6d-4b83-a140-1f0c02436c59,hills.rehab,available,14.99,,high,low,5,name.com,,,17/09/2026 17:53
d20d325f-5354-453a-8660-ca6b2c6c922d,audiotape.rehab,available,36.99,36.99,high,low,9,namesilo,,,21/09/2026 03:01
fc444cf5-34ec-4afa-90ec-36647ea5aa37,sevenup.rehab,available,14.99,,high,low,8,name.com,,,
4230c101-f9ca-4400-b1ab-3d9e25c94656,hirschfeld.rehab,available,36.99,36.99,medium,low,10,namesilo,,,18/09/2026 01:20
a5480156-9f5f-4793-bced-1c6c569f9634,media.rehab,premium,242,242,high,medium,5,namesilo,,,
18b3936c-dbdb-4cd1-93b2-12ac47283a27,armistice.rehab,available,36.99,36.99,medium,low,9,namesilo,,,20/09/2026 07:13
77774f19-f94e-4823-9f6c-eea17b5597b9,hedonic.rehab,available,14.99,52.99,medium,low,7,name.com,,,21/08/2026 05:52
d4414462-0d22-4783-bf38-c7d973658e82,monolithic.rehab,available,14.99,52.99,medium,low,10,name.com,,,24/08/2026 16:43
42bbada5-575c-4d70-a9af-5da4c34accd3,chamomile.rehab,available,38.48,47.48,high,low,9,namecheap,,,19/09/2026 13:01
195851fd-b8fb-4123-ad33-805bc8f7bd64,baedeker.rehab,available,36.99,36.99,medium,low,8,namesilo,,,21/09/2026 17:22
0c40b75a-62ad-492e-a431-4e1683be3742,balustrade.rehab,available,36.99,36.99,high,low,10,namesilo,,,22/09/2026 00:29
f44cfd87-ad0f-48cc-9584-eb50c3c5eb69,peppery.rehab,available,36.99,36.99,medium,low,7,namesilo,,,08/09/2026 15:37
185c4cb2-fedc-4aab-9eba-c22ef02d5efb,nonu.rehab,available,36.99,36.99,medium,low,5,namesilo,,,03/09/2026 18:37
7c8e0ea6-5f46-4d4c-9519-cb307ce3701e,macro.rehab,available,36.99,36.99,high,low,5,namesilo,,,25/09/2026 15:59
97904d2b-82a7-4e96-8e67-c747bac3e8a6,loth.rehab,available,14.99,52.99,medium,low,4,name.com,,,24/08/2026 08:19
fd10c729-a404-4ea0-95ca-779d9e923080,wryly.rehab,available,36.99,36.99,medium,low,5,namesilo,,,16/09/2026 11:46
111cb610-d6cd-4f17-bb25-b5863d9e02bc,teddy.rehab,available,36.99,36.99,high,low,5,namesilo,,,24/09/2026 14:16
5ae5ff7d-2195-4eed-b356-2d260704b20c,faustian.rehab,available,14.99,52.99,medium,low,8,name.com,,,18/08/2026 00:10
cbc1c1df-c643-409b-ad94-eeadb7392466,proportion.rehab,available,14.99,,high,low,10,name.com,,,
99c0f2e2-e741-4735-b279-2acabed150d6,paths.rehab,available,36.99,36.99,medium,low,5,namesilo,,,18/09/2026 10:52
c8dd7b38-b0e3-487b-920c-772af161972c,becalm.rehab,available,36.99,36.99,medium,low,6,namesilo,,,10/09/2026 19:38
0bdb0803-7ee5-459f-9511-080a6d65b52c,munition.rehab,available,36.99,36.99,high,low,8,namesilo,,,20/09/2026 07:44
6f0efea3-b831-4952-868d-7162dadcba20,captious.rehab,available,14.99,52.99,medium,low,8,name.com,,,11/08/2026 18:18
746edac8-8d6a-480e-8e09-75be1e00dc36,cassette.rehab,available,14.99,,high,low,8,name.com,,,
dcac84cb-4c86-4687-9dbc-3e9b9b0ae837,inhumane.rehab,available,14.99,52.99,medium,low,8,name.com,,,22/08/2026 05:17
8d5b21b0-e22b-4c51-83b6-079ad791600f,absent.rehab,available,36.99,36.99,high,low,6,namesilo,,,21/09/2026 14:37
4e4f07c9-bd64-499e-a101-dbac7497a320,telling.rehab,available,14.99,52.99,high,low,7,name.com,,,12/08/2026 15:35
28ce5164-a7d0-403e-94f3-f1d9a54e729b,kanaf.rehab,available,36.99,36.99,medium,low,5,namesilo,,,23/09/2026 16:56
6601d377-2899-4b70-8200-9c342216a0f3,fulgurous.rehab,available,14.99,52.99,medium,low,9,name.com,,,13/08/2026 19:01
f98168d6-f7a9-4acc-9a03-1c06b7d2154c,anteater.rehab,available,36.99,36.99,high,low,8,namesilo,,,16/09/2026 13:25
779fb687-261d-4807-84cb-133853aa7cdc,plugs.rehab,available,36.99,36.99,medium,low,5,namesilo,,,20/09/2026 11:28
94a7d0a6-4116-4292-92e1-bbfd5edc4d44,clemson.rehab,available,36.99,36.99,high,low,7,namesilo,,,27/09/2026 07:07
1e4ae671-2a2a-445a-a1ec-a7940823acbc,nora.rehab,available,36.99,36.99,high,low,4,namesilo,,,25/09/2026 14:35
8cd17f70-77e6-4326-a403-1fbd5df10735,alienable.rehab,available,14.99,52.99,medium,low,9,name.com,,,
32770731-78b0-4f63-96eb-0469b66e3324,motherly.rehab,available,14.99,52.99,high,low,8,name.com,,,25/08/2026 07:06
197d0be8-cae9-4fd8-a687-5625052792eb,arbitrator.rehab,available,36.99,36.99,medium,low,10,namesilo,,,20/09/2026 00:44
9b0f6f4a-2134-4573-b47c-81344f841763,shelters.rehab,premium,242,242,high,low,8,namesilo,,,20/09/2026 23:17
4678178b-4948-4fd7-8622-77977f33c9f6,earnestly.rehab,available,36.99,36.99,high,low,9,namesilo,,,14/09/2026 14:58
b4822451-8a7f-4668-aa73-ac9d794d135c,murderer.rehab,available,36.99,36.99,medium,low,8,namesilo,,,25/09/2026 08:59
fd8c4e67-13ce-44e1-bf2f-78a5d5beb90b,banshee.rehab,available,36.99,36.99,high,low,7,namesilo,,,22/09/2026 03:09
9ebafc74-d966-429c-9fc8-b4d3a3e4c363,lovesome.rehab,available,14.99,52.99,high,low,8,name.com,,,
45136154-9a51-40d9-b871-510258ffc278,cajole.rehab,available,38.48,47.48,high,low,6,namecheap,,,24/09/2026 04:10
ddf63576-560b-4f0d-bbbc-921348038416,waning.rehab,available,36.99,36.99,medium,low,6,namesilo,,,13/09/2026 08:04
83d17042-90b2-4bfb-8eb0-4e60adb62d87,vascular.rehab,available,14.99,52.99,medium,low,8,name.com,,,13/09/2026 01:33
3d020a27-6699-4c16-b5a9-8cd06cebeeff,castrate.rehab,available,14.99,52.99,medium,low,8,name.com,,,16/08/2026 07:07
f7bf0532-8d4c-4623-a709-1267d602d354,hinault.rehab,available,36.99,36.99,medium,low,7,namesilo,,,23/09/2026 09:48
dd8f2825-f28c-458b-9119-3b99a8281ceb,bassett.rehab,available,36.99,36.99,high,low,7,namesilo,,,27/09/2026 07:09
6908496b-ab19-4518-b735-7daab2a67562,academia.rehab,available,38.48,47.48,high,low,8,namecheap,,,23/09/2026 20:23
152e6e74-d8ac-42c4-aaa9-fc2057bebc59,babu.rehab,available,38.48,47.48,high,low,4,namecheap,,,21/09/2026 12:51
4969448d-32b3-4716-a459-71aece109fd6,exocentric.rehab,available,14.99,52.99,medium,low,10,name.com,,,17/08/2026 17:21
bc893586-23e5-4b3d-8d8c-36e460cf869c,sacking.rehab,available,38.48,47.48,medium,low,7,namecheap,,,21/09/2026 18:04
e3a36aa0-b4e8-4c1a-aaf7-f39f71d11e65,hackmatack.rehab,available,36.99,36.99,medium,low,10,namesilo,,,22/09/2026 00:09
1c21a4b1-72f3-468d-bca3-865bde684021,transeunt.rehab,available,38.48,47.48,medium,low,9,namecheap,,,11/09/2026 18:53
de4fafb8-386c-46c3-a063-2edcb70471cd,unsheathed.rehab,available,36.99,36.99,medium,low,10,namesilo,,,12/09/2026 19:47
7890d406-867d-4ebb-b974-edbcd96802aa,statement.rehab,available,38.48,47.48,high,low,9,namecheap,,,23/09/2026 08:02
c5c6256a-d620-40a6-b834-21841bd2914c,venal.rehab,available,14.99,52.99,medium,low,5,name.com,,,11/08/2026 03:46
d36e8c75-43d5-4084-8d0a-4ec11c52efc0,inwards.rehab,available,14.99,52.99,high,low,7,name.com,,,21/08/2026 23:32
aaeeca85-ffc9-4226-a46a-14b5566ab3ca,systemic.rehab,available,36.99,36.99,high,low,8,namesilo,,,11/09/2026 06:46
769ae6bf-327f-4591-8252-427fb77c9dfc,copasetic.rehab,available,14.99,52.99,medium,low,9,name.com,,,13/08/2026 00:20
9726353d-3bc1-4ba1-92ac-a45b52128770,government.rehab,available,36.99,36.99,high,low,10,namesilo,,,24/09/2026 22:50
a85bc966-5e07-4973-a88c-5349c0c1e2fc,markedly.rehab,available,36.99,36.99,medium,low,8,namesilo,,,15/09/2026 13:31
c8ffa630-7ca3-4942-a12e-dbef7443b464,provoked.rehab,available,36.99,36.99,medium,low,8,namesilo,,,09/09/2026 04:38
4beceeaa-0540-421f-bde3-8744c152503d,grecian.rehab,available,14.99,52.99,high,low,7,name.com,,,20/08/2026 19:44
d1cf5f5c-d408-40e0-850a-98c3aac448c7,became.rehab,available,14.99,,medium,low,6,name.com,,,
d4e3b4c3-3038-4df2-b7ad-386e50c8a30f,south.rehab,premium,118.8,118.8,high,low,5,namesilo,,,
ea5f7967-6346-42df-8f19-8ef748c2c545,verboten.rehab,available,14.99,52.99,medium,low,8,name.com,,,18/08/2026 11:06
dd8712e0-40b1-43e2-8a72-199b7816162d,clxxv.rehab,available,14.99,52.99,medium,low,5,name.com,,,
ee02374b-c840-4340-9abd-c3fef163a5eb,fairy.rehab,available,36.99,36.99,high,low,5,namesilo,,,27/09/2026 09:04
b1709012-c2c5-4bc0-862a-9b9f67104cf8,repair.rehab,available,36.99,36.99,high,low,6,namesilo,,,27/09/2026 03:25
bdccd1fb-7a34-42de-bdf3-185fc0a83193,informs.rehab,available,36.99,36.99,medium,low,7,namesilo,,,20/09/2026 13:37
c81dc96c-9953-47d4-99f8-a6d66345b905,stem.rehab,available,14.99,52.99,high,low,4,name.com,,,18/08/2026 11:29
e578f188-964d-4b8b-97d2-b60b2de77951,cargo.rehab,available,36.99,36.99,high,low,5,namesilo,,,24/09/2026 12:56
c80a573b-fd27-4044-98f2-abf61c9c63d8,cure.rehab,premium,260,260,high,low,4,namecheap,,,24/09/2026 03:52
26b3397a-87da-46b5-a14a-0d0921d71f8d,arcane.rehab,available,14.99,52.99,high,low,6,name.com,,,06/08/2026 14:24
ff721143-a68d-4349-a183-67a7a4cf8bee,mode.rehab,available,14.99,,high,low,4,name.com,,,
b86ffd95-fab6-4b2d-9629-8f6da14b083c,trilled.rehab,available,14.99,52.99,medium,low,7,name.com,,,09/09/2026 18:19
f56f81ae-7371-4479-9b85-5a80c0625019,clever.rehab,available,36.99,36.99,high,medium,6,namesilo,,,23/09/2026 12:20
d24d83fc-70d3-4c7a-9f5c-048ee5c85f1a,lusty.rehab,available,14.99,52.99,high,low,5,name.com,,,12/08/2026 20:20
9247e7a2-aa5b-491f-9eb9-478f3403e0d1,phelps.rehab,available,38.48,47.48,high,low,6,namecheap,,,25/09/2026 18:39
7475dc77-ebfe-43d7-97cd-05625eb80e2b,eyetooth.rehab,available,14.99,52.99,medium,low,8,name.com,,,11/08/2026 16:59
e3b35fd7-ccc9-4c29-8788-198a52f576ed,capture.rehab,available,36.99,36.99,high,low,7,namesilo,,,24/09/2026 12:42
469b25ab-fadd-4245-8e84-78edbff8f9eb,mistreat.rehab,available,38.48,47.48,medium,low,8,namecheap,,,16/09/2026 19:06
a0c79eff-392b-4fdd-9352-fdb4e4a805d2,sextuple.rehab,available,36.99,36.99,medium,low,8,namesilo,,,10/09/2026 05:19
baeec1d4-7c02-451d-8ecc-5d40611a7961,wool.rehab,available,14.99,,high,low,4,name.com,,,
2067fff6-7f31-47fd-a88a-61f8010e19d1,comte.rehab,available,36.99,36.99,high,low,5,namesilo,,,21/09/2026 03:56
2adab5b7-5fdd-43ae-bbbd-f7af503b09a2,holotype.rehab,available,14.99,52.99,high,low,8,name.com,,,25/09/2026 23:08
53830373-f1fa-4fd7-a098-498ec71eb206,laputan.rehab,available,14.99,52.99,medium,low,7,name.com,,,22/08/2026 19:49
1505b142-f9ac-479d-a0d5-671201e99170,throngs.rehab,available,36.99,36.99,medium,low,7,namesilo,,,20/09/2026 14:21
5429ad39-358e-4ec2-9b87-49e76b590adc,procurement.rehab,available,36.99,36.99,high,low,11,namesilo,,,23/09/2026 02:56
edccbf5a-abbd-438d-94ba-c51788877ade,manners.rehab,available,38.48,47.48,high,low,7,namecheap,,,27/09/2026 04:41
917e5742-d6dd-4a43-ba7b-68ab223ce1ae,achilles.rehab,premium,242,242,high,low,8,namesilo,,,17/09/2026 00:40
336e9463-6193-4871-ab58-ddb2da018d02,factor.rehab,available,14.99,,high,low,6,name.com,,,
484ebdc6-3a49-47a4-95a4-277095620e80,ravaged.rehab,available,14.99,52.99,medium,low,7,name.com,,,14/08/2026 04:29
ae43be58-181c-4814-a42e-792680a65a6e,descendent.rehab,available,14.99,52.99,medium,low,10,name.com,,,14/08/2026 03:16
98204df0-eaf3-4dd1-bd0c-658c646cec89,pamper.rehab,available,14.99,,high,low,6,name.com,,,
83ba630d-dee4-4e0a-b802-a32600cc41e6,moire.rehab,available,14.99,52.99,medium,low,5,name.com,,,25/08/2026 03:26
338ec885-00e1-4257-8549-bfb9e80a45ea,aranyaka.rehab,available,36.99,36.99,medium,low,8,namesilo,,,20/09/2026 00:08
ac90a534-9434-45ef-9a7c-c65f55edcb75,inaudible.rehab,available,14.99,52.99,medium,low,9,name.com,,,22/08/2026 00:33
5146843e-b7c6-48ea-9100-e86d6effff25,annelidan.rehab,available,14.99,52.99,medium,low,9,name.com,,,
b0afabf2-4a9a-4209-ae3f-30b398ee6587,sportswear.rehab,available,36.99,36.99,high,low,10,namesilo,,,17/09/2026 05:14
3009fbe8-6c24-412c-abef-3640176f37e4,extinct.rehab,available,14.99,52.99,high,low,7,name.com,,,17/08/2026 19:11
d17f7e8f-ba2e-4e0d-8982-0c0ed011b380,unrefined.rehab,available,14.99,52.99,medium,low,9,name.com,,,12/09/2026 17:28
b4776511-aebf-4ba8-84aa-1b71d7bf6aa3,friar.rehab,available,14.99,52.99,medium,low,5,name.com,,,24/08/2026 20:10
12f520ab-08be-418f-8b9f-cba06b652d1b,fused.rehab,available,38.48,47.48,high,low,5,namecheap,,,22/09/2026 03:03
2e26d370-8cfe-48b0-9241-d59eb14a9b7e,batter.rehab,available,38.48,47.48,high,low,6,namecheap,,,22/09/2026 14:16
549d3ea2-1a01-4518-946c-a045c13c33ad,squinty.rehab,available,14.99,52.99,medium,low,7,name.com,,,07/08/2026 03:20
cf58479e-ac94-41e0-a480-2e4997d59bca,auditory.rehab,premium,250,250,high,low,8,name.com,,,22/09/2026 12:39
77646d3f-55b7-4adb-9bdc-858be71c8105,chestnuts.rehab,available,36.99,36.99,medium,low,9,namesilo,,,20/09/2026 20:45
a82cc041-fcb1-4572-b84a-f0789c6356cf,blew.rehab,available,36.99,36.99,high,low,4,namesilo,,,25/09/2026 11:11
cd36a5f6-a983-483e-be16-126afda29168,burnable.rehab,available,14.99,52.99,medium,low,8,name.com,,,11/08/2026 10:44
d8f4a381-85fa-4ec8-a133-18f3855adb02,basset.rehab,available,36.99,36.99,medium,low,6,namesilo,,,22/09/2026 12:10
5b935cbe-1f2e-4dd4-9c55-94852bd77ea9,seedy.rehab,available,14.99,52.99,medium,low,5,name.com,,,
7b0560b5-241f-4a1b-a99b-936d7df46e4f,fired.rehab,available,36.99,36.99,medium,low,5,namesilo,,,24/09/2026 11:05
fa8bb8cd-dbb9-4532-9ad4-28c42cf251e4,misfortune.rehab,available,36.99,36.99,medium,low,10,namesilo,,,21/09/2026 16:43
de0ef740-5419-4f28-9f8f-e6dc029961ee,securing.rehab,available,14.99,,medium,low,8,name.com,,,
8c5a924d-ab39-4276-84de-b5b504c982a1,umbrellas.rehab,available,36.99,36.99,medium,low,9,namesilo,,,18/09/2026 22:52
3637709e-3a7d-4bcc-b0e0-ee313fb3c22c,tramontane.rehab,available,38.48,47.48,medium,low,10,namecheap,,,11/09/2026 18:48
5761dc86-0fdf-4488-bc40-1ec3c7dfabcf,dropped.rehab,available,38.48,47.48,high,low,7,namecheap,,,25/09/2026 20:16
1a018eff-4cdf-4cf8-a2b7-c3fa861062f5,stormproof.rehab,available,38.48,47.48,medium,low,10,namecheap,,,10/09/2026 21:24
0c4a703c-8fbb-456f-8eba-f86540c36d8d,fatuous.rehab,available,14.99,52.99,low,low,7,name.com,,,07/08/2026 02:39
cc2d5253-5af7-482e-9fc6-c3dcb637fc14,penciled.rehab,available,36.99,36.99,medium,low,8,namesilo,,,08/09/2026 13:55
46365676-3d7b-4c98-a7df-213f8fe5d034,bareboat.rehab,available,36.99,36.99,medium,low,8,namesilo,,,22/09/2026 05:23
e4ad9ca5-cd5d-4433-b311-8cde7fa5f5cf,little.rehab,available,36.99,36.99,high,low,6,namesilo,,,24/09/2026 17:48
4cd05d80-2bbe-4575-bc4f-f4a4d798241e,bergamot.rehab,available,36.99,36.99,high,low,8,namesilo,,,23/09/2026 09:18
50570be2-ebef-41ad-af4c-01b458ee898e,rewards.rehab,available,36.99,36.99,high,low,7,namesilo,,,20/09/2026 02:14
964f71c4-d043-4881-a817-876652bd400e,neatly.rehab,available,14.99,52.99,high,low,6,name.com,,,15/09/2026 16:16
59f49215-cc11-4578-8bb5-313a7f86994d,affiliation.rehab,available,14.99,,high,low,11,name.com,,,
bf1aa1dd-ae50-4554-a67d-6e5adf0184cc,reprieve.rehab,available,36.99,36.99,high,low,8,namesilo,,,16/09/2026 14:08
16be7adb-842b-42c7-be2b-e653e6fd7f49,rowdy.rehab,available,14.99,52.99,high,low,5,name.com,,,11/08/2026 08:44
038e62a7-26c4-437f-915c-3d49223687ef,perforation.rehab,available,14.99,,high,low,11,name.com,,,
36c16e35-5d5e-49c4-b344-495cb057f4ac,possession.rehab,available,14.99,,high,low,10,name.com,,,
115fef35-aaff-4c2c-948c-6beaef74b51d,voluntarily.rehab,available,14.99,,high,low,11,name.com,,,
2411d161-672c-4803-b8e7-107d7f3c4104,sculpt.rehab,available,14.99,52.99,high,low,6,name.com,,,20/08/2026 18:43
4f0f2fab-cab7-4ef0-bd6f-f40c86bb941a,area.rehab,premium,118.8,118.8,high,low,4,namesilo,,,
35c14170-201e-48a3-a353-2454876f416a,untaped.rehab,available,36.99,36.99,medium,low,7,namesilo,,,12/09/2026 10:16
23aab657-62b4-4911-a8aa-9b312467fbfb,balaclava.rehab,available,38.48,47.48,medium,low,9,namecheap,,,21/09/2026 20:27
cd8cba69-800f-4667-b036-4a016c56025c,soldiers.rehab,available,14.99,,medium,low,8,name.com,,,
0a26ea27-c1ed-47ed-9ae7-9aaeaaf32494,flossy.rehab,available,14.99,52.99,medium,low,6,name.com,,,14/08/2026 17:44
47d7507e-2e94-4ddd-ab41-49224f86a872,introduces.rehab,available,36.99,36.99,medium,low,10,namesilo,,,18/09/2026 14:34
cfe87d9b-a8b0-4379-80da-7da78a1a68d0,bring.rehab,available,38.48,47.48,high,low,5,namecheap,,,25/09/2026 05:59
6518f257-7de8-4565-b5e8-8d4e7f19ae91,airworthy.rehab,available,14.99,52.99,medium,low,9,name.com,,,
71f79d36-179b-401d-a0eb-b35619189563,binet.rehab,available,36.99,36.99,medium,low,5,namesilo,,,18/09/2026 06:25
79ed224f-3de1-4119-b449-7da1469116f9,anything.rehab,available,14.99,,high,low,8,name.com,,,
c7de84f6-b109-499a-91c1-29b8eee569b0,aikido.rehab,available,38.48,47.48,high,low,6,namecheap,,,17/09/2026 21:02
18b1692b-0355-415b-99dd-d3ba3ec654f1,mithraic.rehab,available,14.99,52.99,medium,low,8,name.com,,,25/08/2026 01:58
577c258f-e659-4fe3-8718-4f0e92dcdae1,coiling.rehab,available,14.99,52.99,medium,low,7,name.com,,,12/08/2026 16:09
d6e80e12-8176-414a-b3e3-7169a3cade25,toss.rehab,available,14.99,52.99,high,low,4,name.com,,,18/08/2026 08:30
7847f2ea-7d21-4b37-ab2a-7979c3d63767,gladiolus.rehab,available,14.99,52.99,high,low,9,name.com,,,19/08/2026 00:06
3c95db0f-f1af-4b71-b332-3f01224fb2f0,unattached.rehab,available,14.99,52.99,high,low,10,name.com,,,18/08/2026 14:48
d21510b7-c372-4658-8b8d-e3fdfaa65f78,pictorial.rehab,available,14.99,52.99,high,low,9,name.com,,,23/08/2026 01:46
86a4abfb-f218-47d5-8a64-6923fb5dbf93,clearance.rehab,available,36.99,36.99,high,low,9,namesilo,,,08/09/2026 08:11
f94d7774-28be-4b62-956b-48f727ef63f4,afoot.rehab,available,14.99,52.99,medium,low,5,name.com,,,
77baf704-2fb4-4ab2-98e4-c748c1040fa3,taipei.rehab,premium,118.8,118.8,high,low,6,namesilo,,,
4d7232a2-2b48-4cef-a67f-eb76ac2b4b58,artwork.rehab,available,14.99,,high,low,7,name.com,,,
05187ab1-80c8-4685-8b66-44887f0b1ae2,plugged.rehab,available,38.48,47.48,high,low,7,namecheap,,,08/09/2026 21:30
a3acd9e7-84c3-4d71-b6d7-2c7215435460,challenge.rehab,available,14.99,,high,low,9,name.com,,,
035c1c66-e711-4472-a090-1141942ad470,roots.rehab,available,14.99,,high,low,5,name.com,,,
058f03e7-ab49-429c-a606-1c54c382d7d8,designed.rehab,available,36.99,36.99,high,low,8,namesilo,,,24/09/2026 06:34
5dffc39c-7469-457a-9ae8-bbce66a760c8,fortune.rehab,available,36.99,36.99,high,low,7,namesilo,,,25/09/2026 10:07
0e5cbc03-715d-41d5-9fb3-1f20a5c398af,knackered.rehab,available,14.99,52.99,medium,low,9,name.com,,,22/08/2026 16:23
8cc3200a-62aa-4ab7-9f70-d766703cc258,blackface.rehab,available,38.48,47.48,medium,low,9,namecheap,,,24/09/2026 02:15
b92c7d68-8096-47cb-b4f6-1c655d1b4b70,astasia.rehab,available,36.99,36.99,medium,low,7,namesilo,,,20/09/2026 16:54
3a4f5d05-8077-4ec8-a1a5-f7037bea5d6c,primeval.rehab,available,36.99,36.99,high,low,8,namesilo,,,09/09/2026 02:02
bfa82543-9ade-4260-b481-c954fa85a298,diamantine.rehab,available,14.99,52.99,medium,low,10,name.com,,,14/08/2026 05:52
fbd9f466-4ab6-4b7c-aee8-5748359ad384,acceptance.rehab,available,36.99,36.99,high,low,10,namesilo,,,16/09/2026 22:01
a4f703cb-64a2-4932-bd86-9333d35e4cc6,spark.rehab,available,36.99,36.99,high,medium,5,namesilo,,,20/09/2026 01:07
1922372a-96c7-42ff-b483-be89e035723c,aides.rehab,available,38.48,47.48,high,low,5,namecheap,,,17/09/2026 20:51
681b9c6c-8a5c-4b89-af16-d131794ebe1b,antitoxin.rehab,available,38.48,47.48,high,low,9,namecheap,,,19/09/2026 15:12
2d88dfd9-15c0-4de1-b6dd-b0d4be5cd86e,abattis.rehab,available,36.99,36.99,medium,low,7,namesilo,,,16/09/2026 14:11
e712dc10-d073-4d41-8932-170338758d03,romanist.rehab,available,36.99,36.99,medium,low,8,namesilo,,,05/09/2026 01:28
a98d866f-7dd8-4413-a677-40f08412fbfa,ordinance.rehab,available,36.99,36.99,high,low,9,namesilo,,,09/09/2026 13:13
e05f6c6e-3c12-4297-90f4-9c43255faa2d,smarmy.rehab,available,14.99,52.99,medium,low,6,name.com,,,11/08/2026 11:46
e7cbf7a5-52df-4d3e-b8c3-b86f31300646,hotshot.rehab,available,36.99,36.99,high,low,7,namesilo,,,21/09/2026 17:48
0a8e8a4e-6880-49df-97ce-784d17d7467c,caesarean.rehab,available,14.99,52.99,medium,low,9,name.com,,,11/08/2026 13:05
341952a4-efb8-4956-a159-a2795c1944db,astounding.rehab,available,36.99,36.99,high,low,10,namesilo,,,22/09/2026 10:29
7258a489-e66e-47e2-9fd2-dcfb897ac99c,aligning.rehab,available,14.99,52.99,medium,low,8,name.com,,,
9e300dfe-c099-4719-8c71-68c235887c08,blackening.rehab,available,14.99,52.99,medium,low,10,name.com,,,13/08/2026 18:12
fa342d46-b4a7-4f71-a3f8-b1de2d028267,glossary.rehab,available,14.99,,high,low,8,name.com,,,
e4d31c6b-cfb9-48fe-893a-9f2753cf55e9,restricted.rehab,available,14.99,,high,low,10,name.com,,,
722337a2-81a4-4b7e-b479-4fd9e1819978,compliment.rehab,available,36.99,36.99,high,low,10,namesilo,,,24/09/2026 16:50
0d6c9d7e-8e19-40fc-ae78-306cd97a1f38,flies.rehab,available,38.48,47.48,high,low,5,namecheap,,,25/09/2026 06:05
1f349b3f-a8a6-45af-8855-2b36a06599dd,faithfully.rehab,available,36.99,36.99,high,low,10,namesilo,,,14/09/2026 11:42
fc551c0f-8089-40ee-9c2b-f99fbc612cd0,thumping.rehab,available,14.99,52.99,high,low,8,name.com,,,08/08/2026 13:08
82f697ec-6df0-4364-9982-b87f579bf714,buffet.rehab,available,36.99,36.99,high,low,6,namesilo,,,19/09/2026 17:05
49298ceb-85e2-4c72-8701-bd96add64a41,cfo.rehab,available,36.99,36.99,high,low,3,namesilo,,,24/09/2026 13:41
47832072-ae5b-4c33-9337-d4125d791047,resilient.rehab,available,14.99,52.99,high,low,9,name.com,,,10/08/2026 21:47
d7972b64-4870-4de1-816a-59e65231b822,interest.rehab,available,36.99,36.99,high,low,8,namesilo,,,08/09/2026 14:02
2d2afb82-3c90-47db-8e12-9a659552fcb0,masters.rehab,available,14.99,,high,low,7,name.com,,,
01f84573-e049-4e4b-89d7-452e86919a53,brands.rehab,resell,,,high,low,6,"GoDaddy.com, LLC",09/02/2025 22:23,09/02/2028 22:23,26/09/2026 04:35
ba9ef8f1-f48f-4831-a622-71d0c8303562,conceited.rehab,available,14.99,52.99,medium,low,9,name.com,,,12/08/2026 19:54
a9248ad2-ae5c-4cd4-8a02-98b3cdd63c78,internationally.rehab,available,14.99,,medium,low,15,name.com,,,
7e732ea5-d8f4-4e98-88ea-5dece57d160f,provident.rehab,available,36.99,36.99,high,low,9,namesilo,,,09/09/2026 04:35
7e65715c-d8b5-4cd4-8e4b-73ae7d232e14,clicking.rehab,available,14.99,,high,low,8,name.com,,,
70b8ca9b-6e42-46eb-a23f-b3c58a3b5617,termed.rehab,available,36.99,36.99,medium,low,6,namesilo,,,19/09/2026 00:21
8b745c81-19f8-4926-8a47-e0b2c717bb70,thereof.rehab,available,14.99,52.99,medium,low,7,name.com,,,16/09/2026 08:41
aee79731-6e40-42a3-ae96-a845b9ef319a,raspberry.rehab,available,38.48,47.48,medium,low,9,namecheap,,,24/09/2026 06:43
2085e261-75b1-4767-ac21-2791f1e46c52,consequent.rehab,available,14.99,52.99,high,low,10,name.com,,,
095778c5-1c87-4dc7-a36c-ce4f23870f14,aiai.rehab,available,36.99,36.99,high,low,4,namesilo,,,17/09/2026 20:43
9390e749-7004-4474-a9d6-aee0c66da1eb,contractor.rehab,premium,242,242,high,low,10,namesilo,,,24/09/2026 17:45
5553cb97-5eee-47f9-9de2-c0c20f16b5d9,chain.rehab,available,14.99,,high,low,5,name.com,,,
49f4264b-b4f8-46c0-a69d-82d725b75fbe,luscious.rehab,available,14.99,52.99,high,low,8,name.com,,,14/08/2026 00:22
640fa9ba-8804-4bc0-b327-2b02a0886bb2,blear.rehab,available,14.99,52.99,medium,low,5,name.com,,,10/08/2026 14:01
fb9e82b2-144d-40a5-9dbc-528b2dde3af8,sirens.rehab,available,36.99,36.99,medium,low,6,namesilo,,,21/09/2026 02:34
be999e01-e3cc-438d-b9bd-1f902a31fd9e,recommendation.rehab,available,14.99,,high,low,14,name.com,,,
5bdbf535-6ec7-4178-9618-791b58ca60bf,teller.rehab,available,36.99,36.99,high,low,6,namesilo,,,22/09/2026 02:23
5e4d9f08-4d4f-4639-9d89-a492a54635c0,attainment.rehab,available,36.99,36.99,high,low,10,namesilo,,,17/09/2026 02:38
a9fe5671-1aa4-4ff4-aec7-4bd23acc3cd2,caucasian.rehab,available,14.99,52.99,high,low,9,name.com,,,11/08/2026 22:16
48fbfa31-d842-43eb-939a-22880d9f4d61,caddish.rehab,available,14.99,52.99,low,low,7,name.com,,,11/08/2026 12:43
f740ace4-5157-4cbb-ad22-0a8eff6e2d4c,armchair.rehab,available,36.99,36.99,high,low,8,namesilo,,,20/09/2026 06:33
339f2083-8365-4c0b-af1d-30ae9b4cb58c,enured.rehab,available,14.99,52.99,low,low,6,name.com,,,17/08/2026 09:59
d6ced5b8-81b4-4442-980a-235044681276,suborbital.rehab,available,36.99,36.99,medium,low,10,namesilo,,,11/09/2026 00:34
40bdbb97-ffec-4772-88b3-625028bc8e70,push.rehab,available,14.99,,high,low,4,name.com,,,
34d41394-a6a6-44dc-a788-95792ee1086b,volt.rehab,available,36.99,36.99,high,low,4,namesilo,,,13/09/2026 00:34
70200216-726b-46e4-abc8-6e81a183659b,slimy.rehab,available,14.99,52.99,medium,low,5,name.com,,,14/08/2026 04:03
4e237e8e-d3e0-45b1-bef4-10aaea2be8fc,whopping.rehab,available,14.99,52.99,high,low,8,name.com,,,08/08/2026 13:14
8992ccda-88e3-47fb-be1c-1dd56eb37095,forested.rehab,available,14.99,52.99,high,low,8,name.com,,,18/08/2026 11:43
dac0a3f9-3abb-4fe1-b812-5f145defc31a,nicolas.rehab,available,36.99,36.99,high,low,7,namesilo,,,25/09/2026 13:18
c63beebc-c1b9-48fc-9dcd-ca0327f5a870,steroidal.rehab,available,38.48,47.48,medium,low,9,namecheap,,,10/09/2026 20:19
a6691712-3e33-4bba-820a-d9d86ac25598,lammas.rehab,available,36.99,36.99,medium,low,6,namesilo,,,21/09/2026 03:43
5258b8a9-1a08-4a39-aa5a-e4aec0c2ace5,ambystoma.rehab,available,36.99,36.99,medium,low,9,namesilo,,,18/09/2026 17:36
fc779e00-5c5d-4b98-a5b3-8c9ac268216e,amerindian.rehab,available,14.99,52.99,high,low,10,name.com,,,03/09/2026 13:51
514b7527-9069-4087-8d45-1cdeb8457ab5,holy.rehab,available,14.99,52.99,high,low,4,name.com,,,21/08/2026 10:43
9e8d6995-3c47-4d33-b357-e74c09873ba1,performing.rehab,available,14.99,52.99,high,low,10,name.com,,,
28635546-5f6a-417e-a821-b74b14ab48b0,bedcover.rehab,available,36.99,36.99,high,low,8,namesilo,,,22/09/2026 22:53
17219f82-842e-4d24-8c0b-36b7e4faf3e9,myspace.rehab,available,,,high,medium,7,,,,
b6cccc15-aeb5-4a22-a9b4-206fecfbae3e,iambic.rehab,available,14.99,52.99,medium,low,6,name.com,,,21/08/2026 17:28
adf059f8-b962-47ad-9116-8c6926e41c0a,buses.rehab,available,36.99,36.99,medium,low,5,namesilo,,,18/09/2026 13:34
3c5d7eb2-3208-41b8-9ac6-b45f9752cd10,pencil.rehab,available,14.99,,high,low,6,name.com,,,
019e96b4-b8aa-4ade-bb42-a2cf01987e0c,semitic.rehab,available,36.99,36.99,medium,low,7,namesilo,,,10/09/2026 03:32
230d090d-2fca-4520-af56-6b3cdc34ccad,bitchy.rehab,available,14.99,52.99,medium,low,6,name.com,,,10/08/2026 07:17
632ec8b7-94fc-4b9c-87d9-04e035c65e97,unshackled.rehab,available,36.99,36.99,medium,low,10,namesilo,,,12/09/2026 04:58
031aaee3-7942-4260-9f23-123d36b6d1c6,ambiguity.rehab,available,36.99,36.99,high,low,9,namesilo,,,18/09/2026 16:43
9e724bae-4ecd-455a-a296-d55601ab7e64,amicably.rehab,available,38.48,47.48,medium,low,8,namecheap,,,13/09/2026 19:29
f2d0a6b7-0e6f-4e3e-b7db-8fd7ef7c57b5,insular.rehab,available,14.99,52.99,medium,low,7,name.com,,,22/08/2026 07:38
3bdbace6-d9a9-4885-b30c-3fc246be6f10,fiercely.rehab,available,14.99,,medium,low,8,name.com,,,
045dab21-fad6-4b88-82f2-225c085aa397,recreated.rehab,available,36.99,36.99,medium,low,10,namesilo,,,09/09/2026 10:49
41e4cf7a-51b2-4e8f-8b61-2265e26e0253,pretzel.rehab,available,14.99,,high,low,7,name.com,,,
4a84ccb1-e8f3-485f-afad-8bb5b32d6d06,waste.rehab,available,36.99,36.99,high,low,5,namesilo,,,22/09/2026 17:29
e0afb262-e0e1-4678-a44f-559152829ccc,enchanting.rehab,available,14.99,52.99,medium,low,10,name.com,,,09/08/2026 18:21
1a374213-7d20-40eb-89ed-969ab03ef8c7,kickshaw.rehab,available,14.99,52.99,medium,low,8,name.com,,,13/08/2026 15:56
819c1347-8abd-46de-9483-a7ca4094470c,avowal.rehab,available,38.48,47.48,medium,low,6,namecheap,,,17/09/2026 14:26
7737fa01-7477-4bc8-87cb-09d5c2463015,michael.rehab,available,36.99,36.99,high,medium,7,namesilo,,,25/09/2026 09:21
22ffa3f7-32e6-45bf-85c1-eb60f3759126,backfire.rehab,available,38.48,47.48,high,low,8,namecheap,,,21/09/2026 15:28
a2022d42-a9b5-451b-8a4c-ea2c7f4e8343,phrase.rehab,available,14.99,,high,low,6,name.com,,,
c04cd7a0-9311-4616-8352-6052446b1c2b,authoriser.rehab,available,36.99,36.99,medium,low,10,namesilo,,,21/09/2026 05:16
f4a2300d-814f-476a-b527-10a3ef5c103e,femoral.rehab,available,14.99,52.99,medium,low,7,name.com,,,18/08/2026 01:05
9173b978-147e-419e-9b4a-3b1ba54f9f46,chances.rehab,available,36.99,36.99,medium,low,7,namesilo,,,25/09/2026 16:56
e966c0a4-8005-4ced-9de2-f10870cef236,prefers.rehab,available,36.99,36.99,medium,low,7,namesilo,,,20/09/2026 07:15
017c1af8-3b21-49c1-874e-b3d8de55eae0,routinely.rehab,available,14.99,52.99,medium,low,9,name.com,,,16/09/2026 00:11
4d36b839-05ed-4582-96f4-37252e166b99,beckley.rehab,available,36.99,36.99,high,low,7,namesilo,,,22/09/2026 22:43
ffbd57d6-679a-44ed-928d-56790e507b77,baseball.rehab,premium,242,242,high,low,8,namesilo,,,
af9db892-bf89-4c0c-8545-69edcde1e46b,apologist.rehab,available,36.99,36.99,medium,low,9,namesilo,,,19/09/2026 18:45
975ffeab-8a3b-4960-b13a-28d26851a7b4,molybdenum.rehab,available,36.99,36.99,medium,low,10,namesilo,,,20/09/2026 23:05
b9577c54-3fe5-45d4-ad9e-5e7aa5e81d25,leakproof.rehab,available,14.99,52.99,high,low,9,name.com,,,22/08/2026 21:59
23344e58-a33d-47ec-b12c-55c628203665,disconnect.rehab,available,14.99,,high,low,10,name.com,,,
3306dd14-2068-40ea-b053-c069fbc103af,reverse.rehab,available,36.99,36.99,high,low,7,namesilo,,,23/09/2026 22:34
cc3e44ff-572d-4133-a0ac-e96a8df3b1e4,intertidal.rehab,available,14.99,52.99,high,low,10,name.com,,,22/08/2026 08:21
554ae23b-aafd-4d06-b9d3-1531608e5ace,awakening.rehab,available,14.99,,high,low,9,name.com,,,
39e194ca-0d3a-4e18-a44d-5ace460e6acf,roberts.rehab,available,36.99,36.99,high,low,7,namesilo,,,22/09/2026 09:19
12e93dbd-ffdb-43ba-b421-9d55c604cb49,rutty.rehab,available,38.48,47.48,medium,low,5,namecheap,,,09/09/2026 20:24
152c4fda-b5cd-4197-9e2a-cd1735941c59,witless.rehab,available,38.48,47.48,medium,low,7,namecheap,,,03/09/2026 17:49
a16a6b89-77a5-4b7b-9a5e-9cc9100a1846,honorific.rehab,available,14.99,52.99,high,low,9,name.com,,,21/08/2026 13:32
3216186b-42ca-4ae5-bd72-660bc830e722,scam.rehab,available,36.99,36.99,high,low,4,namesilo,,,14/09/2026 08:03
8a16cbf0-359a-4b83-bf8b-35fbca2b7c1f,uncultured.rehab,available,36.99,36.99,medium,low,10,namesilo,,,12/09/2026 06:38
98529325-c570-4fb8-a2c4-7e73bf4bdb51,bronze.rehab,available,38.48,47.48,high,low,6,namecheap,,,23/09/2026 09:58
1a90ac78-921d-44b3-9beb-5ad63bf3c929,flagging.rehab,available,14.99,52.99,medium,low,8,name.com,,,14/08/2026 19:41
01b9ef29-e01f-4968-a111-76b3d8a6a847,bearable.rehab,available,14.99,52.99,medium,low,8,name.com,,,09/08/2026 04:27
1a126dbe-29db-4d7f-94b8-4780a46b39fe,advisable.rehab,available,14.99,52.99,high,low,9,name.com,,,
b55e13f4-e9ed-44b5-8e36-55b2b5131b91,armorer.rehab,available,36.99,36.99,medium,low,7,namesilo,,,20/09/2026 07:29
5f0b71c9-93e7-4ca7-b7f7-ee4a33eb35bc,why.rehab,available,36.99,36.99,high,low,3,namesilo,,,25/09/2026 10:59
526cc550-6f93-4952-a4e6-d92c1fea82e9,base.rehab,available,36.99,36.99,high,medium,4,namesilo,,,22/09/2026 17:31
b309635e-61b2-43db-a427-9b70e2b0a19d,sedated.rehab,available,38.48,47.48,low,low,7,namecheap,,,16/09/2026 18:04
11d6db6c-cb23-44e6-8be4-78b7ac116f07,barroom.rehab,available,36.99,36.99,high,low,7,namesilo,,,22/09/2026 03:34
4d692fc2-fcaf-4da0-81b8-38936d3b8b49,ponds.rehab,available,38.48,47.48,medium,low,5,namecheap,,,18/09/2026 22:37
1302fc57-8440-468b-828a-c32f2acc25bc,murmured.rehab,available,36.99,36.99,medium,low,8,namesilo,,,18/09/2026 02:23
dd2b37a8-1db4-4a23-abf9-942034250b27,fork.rehab,available,36.99,36.99,high,low,4,namesilo,,,23/09/2026 02:18
511b1e85-20fa-4f60-8760-275dc16f7fbb,hoard.rehab,available,14.99,52.99,medium,low,5,name.com,,,12/08/2026 16:57
7cb2c784-2749-4580-b42a-c57dcaa4bd93,knocker.rehab,available,36.99,36.99,medium,low,7,namesilo,,,24/09/2026 22:02
ee5ec880-7c37-470a-9fbb-bf9eb1c04b56,alidade.rehab,available,38.48,47.48,medium,low,7,namecheap,,,18/09/2026 07:31
1aff38c6-51ea-4fcf-b8ea-872437caf257,ethan.rehab,available,36.99,36.99,high,low,5,namesilo,,,25/09/2026 13:30
2a317c5b-a79d-411c-b565-854a14dc3f7d,librarian.rehab,available,36.99,36.99,high,low,9,namesilo,,,23/09/2026 12:54
e977e20c-3ef8-4546-abc3-5ab282b1a095,idol.rehab,available,38.48,47.48,high,low,4,namecheap,,,22/09/2026 22:03
a13d1a8a-61d6-4b36-bb93-60586f084691,venerable.rehab,available,14.99,,high,low,9,name.com,,,
8e557f75-b5c2-4757-96e6-c50b1dcf025e,bothered.rehab,available,36.99,36.99,high,low,8,namesilo,,,23/09/2026 01:08
0c003ae7-448a-49de-8a01-1fa7bf4e349f,headquarters.rehab,available,36.99,36.99,high,low,12,namesilo,,,27/09/2026 02:02
e87f4099-c536-400c-a2be-0756571ac3fc,month.rehab,available,14.99,,high,low,5,name.com,,,
df5bed77-ef8a-4b69-be58-6af03cd59f47,task.rehab,available,14.99,52.99,high,low,4,name.com,,,24/09/2026 03:25
72f5bc9e-285d-45a2-9966-ce02583d0332,authority.rehab,available,36.99,36.99,high,low,9,namesilo,,,17/09/2026 17:02
fda075cb-443a-47e1-82d3-6fd3046baa2d,stoned.rehab,available,38.48,47.48,high,low,6,namecheap,,,10/09/2026 21:10
f61a5734-91d4-4d93-a54f-e534db0af24f,executives.rehab,available,36.99,36.99,high,low,10,namesilo,,,21/09/2026 01:35
4139adee-6d41-4fc6-a778-24796e0342dc,xvi.rehab,available,36.99,36.99,medium,low,3,namesilo,,,21/09/2026 11:49
6c874842-e510-4879-8090-aded5463b0a2,pluton.rehab,available,36.99,36.99,medium,low,6,namesilo,,,22/09/2026 13:46
3cac5217-fee0-4b6c-bdef-5c1b58ed5c07,sulfurized.rehab,available,14.99,52.99,medium,low,10,name.com,,,11/09/2026 01:25
46af38cb-97e6-4101-9d0c-1960ec8088c1,apricot.rehab,available,36.99,36.99,high,low,7,namesilo,,,19/09/2026 22:31
3fa367b0-0b4c-49b3-a12e-bb9107942752,phonic.rehab,available,38.48,47.48,high,low,6,namecheap,,,08/09/2026 19:06
ca7ca9a5-787a-4239-a63f-b9c891b169d5,nursery.rehab,available,36.99,36.99,high,low,7,namesilo,,,24/09/2026 23:01
82f4a85d-3fe7-4b02-a7c8-bfb66d766a7d,quiver.rehab,available,38.48,47.48,high,low,6,namecheap,,,11/09/2026 19:13
18e4d69c-7075-43eb-bfec-243c58ad0a77,swoon.rehab,available,14.99,52.99,high,low,5,name.com,,,17/08/2026 21:03
fb843226-a02c-406a-b6a0-055cb8be23ad,lack.rehab,available,36.99,36.99,high,low,4,namesilo,,,27/09/2026 03:43
712dca5b-a602-4e3e-b721-3058e8da43a0,neurotoxic.rehab,available,36.99,36.99,medium,low,10,namesilo,,,03/09/2026 16:25
84368d68-5981-4734-a4e0-7c6764050182,cadastral.rehab,available,14.99,52.99,medium,low,9,name.com,,,11/08/2026 12:39
de10720e-15ac-4aae-bf2b-5cabde37dffa,paternal.rehab,available,14.99,52.99,high,low,8,name.com,,,
02ab040b-89ca-47a0-bb6b-795e1716a7d4,anointing.rehab,available,36.99,36.99,high,low,9,namesilo,,,19/09/2026 11:19
14ce8fa4-5229-4ce8-b2c5-785d0d427b19,gum.rehab,available,36.99,36.99,high,low,3,namesilo,,,24/09/2026 14:25
145c8b2d-80ab-4e4b-8ed2-5e97f4943b9c,conscience.rehab,available,14.99,,high,low,10,name.com,,,
fb8e748f-023c-422f-ae09-444a7eb7c8e8,cochlear.rehab,available,14.99,52.99,medium,low,8,name.com,,,12/08/2026 14:45
9a36867c-62e8-453e-b6e5-9bbe4275303f,hood.rehab,available,38.48,47.48,high,medium,4,namecheap,,,27/09/2026 08:13
bd549d77-a14a-4080-b704-df7ad8b8cb47,trial.rehab,available,14.99,,high,low,5,name.com,,,
208a3acb-3d34-4aea-b907-5342c4c1e29d,typo.rehab,available,14.99,52.99,high,low,4,name.com,,,24/08/2026 07:23
18df9b97-a6bc-4649-a5cd-704dbd8d0f49,lyric.rehab,available,36.99,36.99,high,low,5,namesilo,,,25/09/2026 15:47
c19d391e-dc2b-4147-9b0c-6e2b2add8752,bun.rehab,available,38.48,47.48,high,low,3,namecheap,,,24/09/2026 11:10
6bde6ebf-dd3c-4ffe-a462-ce6052248be0,bras.rehab,available,36.99,36.99,high,low,4,namesilo,,,17/09/2026 13:20
4c8a4212-2555-4ead-b06b-56a04dbe4b02,kvetch.rehab,available,36.99,36.99,medium,low,6,namesilo,,,08/09/2026 20:36
8a21e983-0e24-4bc6-9489-35a1044091d8,bede.rehab,available,36.99,36.99,high,low,4,namesilo,,,21/09/2026 17:17
7406788c-b357-4382-ab73-287fc11ef365,parable.rehab,available,36.99,36.99,high,low,7,namesilo,,,18/09/2026 10:36
660211d5-ee5f-4776-9b65-6dc8582b46ff,snicker.rehab,available,14.99,,high,low,7,name.com,,,
71da5da5-e454-44b7-8c66-b25bde02e52f,hmong.rehab,available,14.99,52.99,high,low,5,name.com,,,21/08/2026 10:02
b3a018e0-4cd8-4184-a087-99e7df018573,profile.rehab,available,14.99,,high,low,7,name.com,,,
ab9d9478-65c5-4d5d-9940-fdebcb1dae62,wriggly.rehab,available,36.99,36.99,medium,low,7,namesilo,,,13/09/2026 13:43
f3ed8db1-f167-428c-9d83-dd25289cbfb0,penetration.rehab,available,36.99,36.99,high,low,11,namesilo,,,08/09/2026 15:09
e3c69215-9caf-469f-86d9-c0a19039f45b,supported.rehab,available,14.99,,high,low,9,name.com,,,
55ef83f3-a780-431e-ac7d-817b091add89,tricolour.rehab,available,36.99,36.99,high,low,9,namesilo,,,11/09/2026 19:27
5c7358f1-c9e4-4f10-9e66-7b232cf41178,lunatic.rehab,available,14.99,52.99,high,low,7,name.com,,,13/08/2026 17:47
fe6c1409-5c55-477d-8d70-7f92711fd360,scorched.rehab,available,14.99,52.99,medium,low,8,name.com,,,
bddaef4c-9728-4139-bc8a-636ad7cc159d,games.rehab,premium,1107,1107,high,medium,5,namesilo,,,25/09/2026 16:24
d90598c1-e58a-4b11-8643-51817741587c,indigo.rehab,available,14.99,52.99,high,low,6,name.com,,,22/08/2026 03:01
3ad29d57-32b7-4090-92ca-62ced75d4343,gist.rehab,available,36.99,36.99,high,low,4,namesilo,,,14/09/2026 23:42
e89421b5-33f7-463f-9ff2-7c62c5f31029,eldest.rehab,available,14.99,52.99,high,low,6,name.com,,,16/08/2026 02:19
4ea772b1-6d70-4021-b757-7718f1a1a859,railways.rehab,available,36.99,36.99,medium,low,8,namesilo,,,18/09/2026 22:58
b34209e8-bedc-4286-85f6-5c91a9551b40,stoppers.rehab,available,36.99,36.99,medium,low,8,namesilo,,,20/09/2026 12:45
43c591c8-1f19-47e0-bda0-5f38f3808f16,bismark.rehab,available,36.99,36.99,medium,low,7,namesilo,,,23/09/2026 09:37
7ba9bab3-a4e2-41a7-b626-2a0d0726f867,trumpet.rehab,available,38.48,47.48,high,low,7,namecheap,,,24/09/2026 18:17
c40da20e-3e63-4e9b-a984-3a12128aba99,soaking.rehab,available,36.99,36.99,medium,low,7,namesilo,,,14/09/2026 14:28
dd63b797-5af0-4799-a474-d7c76b967f7c,commented.rehab,available,36.99,36.99,medium,low,9,namesilo,,,18/09/2026 23:19
797bc0c7-b52e-4c91-ad1b-e69b7dc1970a,higgins.rehab,available,36.99,36.99,high,low,7,namesilo,,,25/09/2026 13:27
68ee178d-40e0-4d6b-8c7f-c3e20d00da1b,toast.rehab,available,14.99,,high,low,5,name.com,,,
e6bb4319-86a5-4077-8d19-863ca9b15e51,nocent.rehab,available,38.48,47.48,medium,low,6,namecheap,,,03/09/2026 18:02
74ae6db0-17b3-45ea-8ef7-bdb86456d8c7,fugitive.rehab,available,14.99,52.99,high,low,8,name.com,,,18/08/2026 07:53
922bab07-8cd5-4003-84d6-19ff09b0f6b2,prox.rehab,available,36.99,36.99,medium,low,4,namesilo,,,09/09/2026 04:42
d0aaf36f-3769-4bad-b690-b963da4e3e73,foretell.rehab,available,38.48,47.48,high,low,8,namecheap,,,21/09/2026 03:34
9757a616-e8c5-44ec-bfe6-ae5266042550,bloodless.rehab,available,14.99,52.99,medium,low,9,name.com,,,07/08/2026 02:19
48c0fdd0-fd6a-4697-a729-e219fc82cb93,retracted.rehab,available,14.99,,medium,low,9,name.com,,,
a57c2f8d-8522-4e8b-812f-160cc3d228b4,agamid.rehab,available,14.99,52.99,medium,low,6,name.com,,,17/09/2026 16:08
2442722f-495f-4945-a1f4-4bd49f3f7ec1,doglike.rehab,available,14.99,52.99,medium,low,7,name.com,,,14/08/2026 15:07
331291cc-8f0b-4727-b9fa-b9c7f7cbb3b4,admittedly.rehab,available,38.48,47.48,medium,low,10,namecheap,,,11/09/2026 20:31
b056479c-94c3-42f1-b7a2-3169790011f1,ergotic.rehab,available,14.99,52.99,medium,low,7,name.com,,,17/08/2026 12:13
29913e42-5d42-499b-ac20-56a666bc29bd,delay.rehab,available,14.99,,high,low,5,name.com,,,
9cc84e41-d5f8-4e11-b261-44c78f27a56b,sweep.rehab,available,36.99,36.99,high,low,5,namesilo,,,24/09/2026 10:48
4f75626a-ba1b-48dc-ac21-2dda806d0724,bohemian.rehab,available,14.99,52.99,high,low,8,name.com,,,10/08/2026 17:19
4d8521c4-03ce-4c80-b385-fb03556f2dfa,jenny.rehab,available,14.99,,high,low,5,name.com,,,
06c9819c-b6e6-4cbf-b20d-a548a4a99503,vexed.rehab,available,14.99,52.99,medium,low,5,name.com,,,21/08/2026 00:15
b09782f6-3259-4b4b-893c-e25156b73436,thermionic.rehab,available,36.99,36.99,medium,low,10,namesilo,,,11/09/2026 12:56
d55d179f-7a6c-49ab-816b-0997a9bd8d11,antido.rehab,available,36.99,36.99,medium,low,6,namesilo,,,19/09/2026 14:17
e571aef4-a0a9-43a7-97d7-41a6a6e8fcb0,downstairs.rehab,available,14.99,52.99,high,low,10,name.com,,,14/08/2026 17:55
b7cf5d4f-7b7b-4232-8b33-338efc585f5a,mildness.rehab,available,36.99,36.99,high,low,8,namesilo,,,24/09/2026 15:30
2c12b097-b283-4659-a28b-21d12bde7ad6,profiled.rehab,available,36.99,36.99,medium,low,8,namesilo,,,21/09/2026 10:04
fe95b7dc-5b8b-4ab9-8db5-62d97ef9fdc2,tamarack.rehab,available,38.48,47.48,medium,low,8,namecheap,,,18/09/2026 20:18
2e93ea15-9558-44c1-b485-735b93cac3c0,prat.rehab,available,14.99,52.99,medium,low,4,name.com,,,09/08/2026 11:18
05ca6f35-ccff-4b9a-83e3-a2d4971397a7,clausal.rehab,available,14.99,52.99,medium,low,7,name.com,,,12/08/2026 10:00
51a5b4e3-f224-4980-be95-59c96e8112e4,bricole.rehab,available,36.99,36.99,medium,low,7,namesilo,,,20/09/2026 00:36
75cebd86-ea72-403c-a55d-af0c0ad9ada6,class.rehab,available,14.99,,high,low,5,name.com,,,
81e361f7-c772-4616-969f-bc7e7cfe4183,packs.rehab,available,36.99,36.99,medium,low,5,namesilo,,,20/09/2026 13:29
9700b400-1b99-40fb-af89-eab70643a2e9,unshaken.rehab,available,36.99,36.99,high,low,8,namesilo,,,12/09/2026 07:04
e942c5f1-54ba-4b28-86e7-521a94002a00,specialty.rehab,available,14.99,52.99,high,low,9,name.com,,,18/08/2026 12:30
5972f47b-2e51-4e79-a196-d1983e4dd5dc,uncool.rehab,available,36.99,36.99,medium,low,6,namesilo,,,12/09/2026 06:11
09d6daa0-0fcd-49e2-8439-527e8219e952,creator.rehab,available,36.99,36.99,high,medium,7,namesilo,,,22/09/2026 01:50
c2c1edb1-d498-4779-9634-e1fe99af35df,sleepily.rehab,available,36.99,36.99,medium,low,8,namesilo,,,16/09/2026 02:32
583f0048-5dd8-4653-aa7a-5747f808af72,herbaceous.rehab,available,14.99,52.99,medium,low,10,name.com,,,21/08/2026 06:56
046b009b-7870-4c74-be81-cbeec0aeef6f,autoclave.rehab,available,36.99,36.99,medium,low,9,namesilo,,,21/09/2026 06:03
04f6f374-d743-4940-ad52-3715ca065f7a,agitprop.rehab,available,38.48,47.48,medium,low,8,namecheap,,,17/09/2026 18:14
69e05b13-87f9-47a9-83a7-6e90a860a1a7,xxx.rehab,premium,1107,1107,high,medium,3,namesilo,,,
21584b90-f1c7-493f-a97c-5e7c385095d0,lyrics.rehab,available,14.99,,high,low,6,name.com,,,
1c9acccb-5e09-4f99-a9cb-7e128ad0ddd4,bifocals.rehab,available,36.99,36.99,high,low,8,namesilo,,,23/09/2026 13:53
ef8ecb61-72ae-4a3b-82fb-d6cc5b606db9,bellicose.rehab,available,14.99,52.99,low,low,9,name.com,,,09/08/2026 01:44
d4aa6249-beb4-4ef9-833f-3eb1f060e971,caloric.rehab,available,14.99,52.99,high,low,7,name.com,,,11/08/2026 15:07
163c519c-c6df-4d6f-963a-87be3550aaca,binturong.rehab,available,36.99,36.99,medium,low,9,namesilo,,,20/09/2026 02:47
3beaab50-4a3d-4c8b-bd47-f4aaa2545de2,towels.rehab,available,36.99,36.99,high,low,6,namesilo,,,18/09/2026 12:23
83285d55-8b61-44dd-9e07-c7921b0a82b6,screens.rehab,available,36.99,36.99,medium,low,7,namesilo,,,24/09/2026 16:03
ff951e4d-2f61-4086-9f51-1e9a9a6ce80e,britten.rehab,available,36.99,36.99,medium,low,7,namesilo,,,23/09/2026 08:15
d10c7334-4461-4bbd-9f9f-52d234a6cab8,coupon.rehab,available,36.99,36.99,high,low,6,namesilo,,,24/09/2026 18:44
ddcf24a0-a089-41b2-a2f4-a4cfceb92c00,basilica.rehab,available,38.48,47.48,high,low,8,namecheap,,,22/09/2026 10:49
090b76b5-1d9e-41db-b9a4-bf202ac97c99,leia.rehab,available,14.99,,high,low,4,name.com,,,
b0f07ff7-95cf-44c5-86ef-3f407b8f3185,ducal.rehab,available,14.99,52.99,medium,low,5,name.com,,,14/08/2026 20:44
345f3268-89b5-431c-9d53-8b1c4bbf5cb8,aestival.rehab,available,14.99,52.99,medium,low,8,name.com,,,
d760126a-b371-43f8-8469-46541cda9e31,forsake.rehab,available,14.99,52.99,medium,low,7,name.com,,,14/08/2026 03:54
4150b0b8-83b8-4cb7-8511-6b355be605d9,sliced.rehab,available,36.99,36.99,high,low,6,namesilo,,,23/09/2026 14:26
20da62ba-cb4c-4e7e-8e03-7df511606a0f,giacometti.rehab,available,36.99,36.99,high,low,10,namesilo,,,18/09/2026 02:46
306ad458-e15f-425f-a693-42793e0ba8a0,beignet.rehab,available,36.99,36.99,high,low,7,namesilo,,,23/09/2026 04:07
004efd4c-a75c-412e-a686-0b270a796bc0,super.rehab,resell,,,high,medium,5,"Sav.com, LLC",10/08/2026 14:55,10/08/2027 14:55,26/09/2026 09:25
561adabc-753a-44ea-9504-e1462666adba,evasive.rehab,available,14.99,52.99,medium,low,7,name.com,,,17/08/2026 14:47
e5791560-9096-4f0d-8a48-a399dacf76d8,remarks.rehab,available,36.99,36.99,medium,low,7,namesilo,,,18/09/2026 03:12
621cf19b-304d-45fb-8106-2b9e0177a8a2,owens.rehab,available,14.99,,high,low,5,name.com,,,
fc1ba8ab-e0aa-49a1-b487-9b12e7a79be0,neurogenic.rehab,premium,242,242,medium,low,10,namesilo,,,03/09/2026 16:12
723a8149-b9eb-463b-b1d6-ed4990d47937,buccal.rehab,available,14.99,52.99,medium,low,6,name.com,,,11/08/2026 07:27
9a45aa58-3a8b-47a0-b005-13c7a031faa4,alvine.rehab,available,14.99,52.99,medium,low,6,name.com,,,
ff7b3704-df74-4866-8b49-f589ccea624e,widely.rehab,available,14.99,,high,low,6,name.com,,,
52394a12-74eb-410e-97a2-fecccc2cd11b,stores.rehab,available,38.48,47.48,high,low,6,namecheap,,,25/09/2026 17:11
942d66b0-b22e-4867-af1a-496d9631a6cc,lived.rehab,available,38.48,47.48,high,low,5,namecheap,,,25/09/2026 20:09
cda1b730-0c51-42e7-84a9-acecae8dc5bd,jutting.rehab,available,14.99,52.99,medium,low,7,name.com,,,22/08/2026 14:44
fddb8a5b-2acc-477b-8be8-f3628f2ffb99,tastes.rehab,available,36.99,36.99,medium,low,6,namesilo,,,19/09/2026 00:38
a36f31a1-ae07-4d26-9346-ee988f7f9705,tram.rehab,available,38.48,47.48,high,low,4,namecheap,,,17/09/2026 12:49
641f07dd-85d4-418d-b2f4-3f918a94eb6e,cheekbone.rehab,available,36.99,36.99,high,low,9,namesilo,,,13/09/2026 15:41
a5605434-55e1-4de0-af5c-179d802a4aa7,piper.rehab,available,14.99,,high,low,5,name.com,,,
4ddcb997-c7ff-4331-a5a5-887f2bb1b7ab,powers.rehab,available,14.99,,high,low,6,name.com,,,
be3d2a04-baf8-4962-9207-9f5ccce7e801,operation.rehab,premium,242,242,high,low,9,namesilo,,,25/09/2026 04:49
6544c539-c641-47ba-b28a-2c80871dd20d,double.rehab,available,36.99,36.99,high,low,6,namesilo,,,24/09/2026 11:46
5d79c1e2-b0ae-45ea-84d1-c6a926ce2380,idiomatic.rehab,available,14.99,52.99,high,low,9,name.com,,,21/08/2026 18:07
af57691e-007f-4c53-80b7-330993d8a9d8,segregation.rehab,available,38.48,47.48,medium,low,11,namecheap,,,16/09/2026 23:21
49ccd3f9-3efc-424b-ab94-7c647a3810c6,dislocated.rehab,available,14.99,52.99,medium,low,10,name.com,,,14/08/2026 11:31
8a079c2d-8db3-4330-a1f0-8fcd6eb91d82,clubs.rehab,premium,242,242,high,low,5,namesilo,,,27/09/2026 08:43
e5787e8a-f29e-4bd0-a4f6-c2f7f34423d7,slips.rehab,available,38.48,47.48,high,low,5,namecheap,,,17/09/2026 12:24
9a537fc0-b987-4df3-82d4-5ca97224e12c,atelier.rehab,available,36.99,36.99,high,medium,7,namesilo,,,20/09/2026 11:53
6f3c26f7-cbec-415f-8444-9a2e3b050ac7,ragamuffin.rehab,available,36.99,36.99,medium,low,10,namesilo,,,11/09/2026 09:09
3c95514a-5bcf-425d-a017-d34c9c156e14,supports.rehab,available,36.99,36.99,high,low,8,namesilo,,,17/09/2026 06:20
17e62d98-92f7-4721-8191-cc13d01aa913,clause.rehab,available,38.48,47.48,high,low,6,namecheap,,,24/09/2026 15:20
a519c1fc-46f8-462e-b227-a9dfb246d508,westward.rehab,available,14.99,52.99,medium,low,8,name.com,,,13/09/2026 10:55
d0e7c876-7f15-4505-b9a1-bc96bd00d529,plantar.rehab,available,38.48,47.48,medium,low,7,namecheap,,,08/09/2026 20:50
7542562d-c558-4e66-94a6-c7a5eefce1ab,stargazer.rehab,available,38.48,47.48,high,low,9,namecheap,,,20/09/2026 18:07
c9bf4c00-d355-43c7-92d2-dbd437a6d71b,clef.rehab,available,36.99,36.99,high,low,4,namesilo,,,24/09/2026 15:30
2ad36533-91c9-4421-a20f-437c148677f5,item.rehab,premium,242,242,high,low,4,namesilo,,,
a9f99b38-0630-48e6-863b-9e91ae61a058,overhasty.rehab,available,36.99,36.99,medium,low,9,namesilo,,,04/09/2026 20:44
971d67ba-c4d0-4369-a7ac-256977049e58,tang.rehab,available,36.99,36.99,high,low,4,namesilo,,,24/09/2026 01:32
7e6b7a28-7741-4b9e-a554-a6c93c4fd50e,blither.rehab,available,38.48,47.48,medium,low,7,namecheap,,,24/09/2026 04:54
bf8c098d-d9a7-4fab-84a4-8fac5752f013,acrophobia.rehab,available,36.99,36.99,medium,low,10,namesilo,,,17/09/2026 03:53
9f2fd0af-68e0-4f15-b4e9-3b721e3698a1,peep.rehab,available,36.99,36.99,high,low,4,namesilo,,,24/09/2026 14:07
e870bcdd-787d-4d12-beda-11656338d336,yellow.rehab,available,36.99,36.99,high,medium,6,namesilo,,,23/09/2026 14:15
530a3e61-319b-4f22-8a0d-1cdd6513a2b1,drugstore.rehab,available,36.99,36.99,high,low,9,namesilo,,,19/09/2026 19:43
aa1f47db-81c9-4ca2-9cd3-2e9b16382680,bitok.rehab,available,36.99,36.99,medium,low,5,namesilo,,,23/09/2026 22:40
65e8f5d5-c0b7-47b1-a45d-c9a5bbfd6466,waiting.rehab,available,36.99,36.99,high,low,7,namesilo,,,27/09/2026 10:28
34bffa52-231d-4569-8a3a-d8543e4cc796,aflame.rehab,available,14.99,52.99,high,low,6,name.com,,,
1000141f-12f0-4adb-a081-0335a27d2c3d,dragon.rehab,available,14.99,,high,medium,6,name.com,,,
5b8e4055-6912-43b8-b943-cd01a6a36113,actinide.rehab,available,14.99,52.99,medium,low,8,name.com,,,
649ef005-5532-4f04-8447-1187f795f59f,madcap.rehab,available,14.99,52.99,high,low,6,name.com,,,11/08/2026 01:38
2b473b02-1969-4b1c-ae7f-9bee1b96ca12,pharmacy.rehab,available,14.99,,high,low,8,name.com,,,
dd4ada93-0381-4705-aacc-3680c61fccb5,abrogation.rehab,available,36.99,36.99,medium,low,10,namesilo,,,16/09/2026 17:14
44463840-054e-4385-a4d0-e1c731228315,depend.rehab,available,14.99,,high,low,6,name.com,,,
4eb71478-be38-4721-9530-dd9c78322237,vestigial.rehab,available,14.99,52.99,medium,low,9,name.com,,,13/09/2026 04:54
eb7ca303-2b43-4183-af8a-1d26b7b3e0df,brownie.rehab,available,14.99,,high,low,7,name.com,,,
ac380279-72fa-4024-97dd-a1afecd41666,senefelder.rehab,available,36.99,36.99,medium,low,10,namesilo,,,18/09/2026 13:11
bc5539bf-1730-4123-bbd7-5d1eade322e7,gears.rehab,available,14.99,,medium,low,5,name.com,,,
692a0c9b-106f-4af3-8ddf-0dcdacfd6a66,boiled.rehab,available,14.99,52.99,high,low,6,name.com,,,10/08/2026 17:32
240488f0-6759-4da0-a83a-41220fb80c4a,feigned.rehab,available,14.99,52.99,medium,low,7,name.com,,,18/08/2026 00:43
e2c03249-9df3-4e47-a12f-ac525e9c3e4c,aachen.rehab,available,36.99,36.99,high,low,6,namesilo,,,16/09/2026 13:08
24e5efd0-6ac5-444c-af6b-8da328367a5f,chatter.rehab,available,36.99,36.99,high,low,7,namesilo,,,23/09/2026 23:26
d8b221ae-f9a1-40ba-87eb-182d7a0cd365,smartphone.rehab,available,14.99,,high,low,10,name.com,,,
c85ab173-9771-42db-b230-8573070b414d,zoonotic.rehab,available,36.99,36.99,high,low,8,namesilo,,,13/09/2026 15:35
c9cf994e-09ae-4bb9-9e86-5a2b7258bb9a,gunrunner.rehab,available,38.48,47.48,medium,low,9,namecheap,,,20/09/2026 07:45
b17ca9e3-38b0-4dae-ad74-b7fd0a2eefcd,metrical.rehab,available,14.99,52.99,medium,low,8,name.com,,,24/08/2026 22:08
ace86efe-9c16-447f-b66e-6ec34de667bd,second.rehab,available,36.99,36.99,high,low,6,namesilo,,,21/09/2026 12:59
08849a19-c4f8-4ca1-944b-e67ced9ec86c,rupicolous.rehab,available,36.99,36.99,medium,low,10,namesilo,,,09/09/2026 19:41
a3e77ecc-7fff-4452-8462-e08deb5946d9,tracked.rehab,available,14.99,,high,low,7,name.com,,,
3ade42f6-e5ec-4122-8a7a-2507e027f406,glorious.rehab,available,14.99,52.99,high,low,8,name.com,,,20/08/2026 14:48
07b6aafd-a747-4e15-9268-290f6b3ff1d6,dictionary.rehab,available,36.99,36.99,high,low,10,namesilo,,,24/09/2026 22:14
05a8875a-e856-4178-b0e4-1afecc52f76e,information.rehab,premium,1107,1107,high,low,11,namesilo,,,27/09/2026 01:46
45c3ffd3-5b91-45ac-9c72-15811058bb80,actionable.rehab,available,36.99,36.99,high,low,10,namesilo,,,21/09/2026 16:28
11b3aaff-9260-47a7-a701-f0b4c25029ba,soundlike.rehab,available,14.99,,low,low,10,name.com,,,
56644d1a-cd6d-44e4-9f4d-25c8952c66f6,acidotic.rehab,available,14.99,52.99,medium,low,8,name.com,,,
d1b1d61e-a192-461e-8a71-edcdb999c69e,condolence.rehab,available,14.99,,high,low,10,name.com,,,
b7d81bb3-a39f-42ee-b748-cd335fb2cc80,ellis.rehab,available,38.48,47.48,high,low,5,namecheap,,,25/09/2026 20:56
8cbdad04-b131-403b-8dce-43dff8147d85,arthritis.rehab,premium,242,242,high,low,9,namesilo,,,20/09/2026 10:37
df87aeca-ca05-4956-b766-a945c5aa98ba,specially.rehab,available,14.99,,medium,low,9,name.com,,,
67a0736b-a7fd-4102-8cb8-9913c9b64a2a,revolved.rehab,available,14.99,,medium,low,8,name.com,,,
e3bc6d8a-0a97-4ec9-a6d1-3576fe691c30,awol.rehab,available,14.99,52.99,high,low,4,name.com,,,08/08/2026 01:46
b396be7d-8ec7-427e-b03c-7138c8c51ea8,bait.rehab,available,36.99,36.99,high,low,4,namesilo,,,21/09/2026 19:42
d7651a87-aaf6-41bf-a854-b291cc2568ec,greasy.rehab,available,14.99,52.99,high,low,6,name.com,,,20/08/2026 19:35
540455dc-f811-4c5f-af8a-c8acaed94ce2,bacchante.rehab,available,38.48,47.48,medium,low,9,namecheap,,,21/09/2026 13:59
396d70a4-bf06-4c9a-98f8-38613f858c6b,nina.rehab,available,36.99,36.99,high,low,4,namesilo,,,25/09/2026 09:36
f60200df-9105-4aca-8570-fbee54835484,pensacola.rehab,available,36.99,36.99,high,low,9,namesilo,,,25/09/2026 23:59
cf3f41af-ff7f-4484-abac-4f0696b7a19a,whitefish.rehab,available,14.99,,high,low,10,name.com,,,
09b2af88-f4c4-466f-8845-9f6eb1fe151a,palmar.rehab,available,36.99,36.99,medium,low,6,namesilo,,,04/09/2026 23:58
527fae33-e6e3-433d-9fa4-63c5bfd4398b,drying.rehab,available,36.99,36.99,high,low,6,namesilo,,,16/09/2026 09:24
66cfa6e6-1e57-4245-9ccc-f9c17f17ed8e,tahitian.rehab,available,36.99,36.99,high,low,8,namesilo,,,11/09/2026 07:06
3b7b77b2-bfa3-4328-80b4-586868b5a3cd,odd.rehab,available,38.48,47.48,high,low,3,namecheap,,,24/09/2026 03:59
cbee6409-ccbf-4a1d-931d-a5020e2a48ab,mediated.rehab,available,14.99,52.99,high,low,8,name.com,,,24/08/2026 18:53
af1abb4f-4d1a-47a3-aa2d-bfdf85e7fe58,provinces.rehab,premium,242,242,medium,low,9,namesilo,,,18/09/2026 15:35
18ea3987-652c-4a57-a033-021f6668763b,youre.rehab,available,14.99,,medium,low,5,name.com,,,
2f0c298f-a81a-4175-8345-80aea5ae916d,pill.rehab,premium,250,,high,low,4,name.com,,,
4296e441-a9b6-4cd1-9176-1324644eaa1e,beingness.rehab,available,38.48,47.48,medium,low,9,namecheap,,,23/09/2026 04:19
cb52f829-2ed0-4ac1-94e1-def1db6c5415,photos.rehab,available,38.48,47.48,high,low,6,namecheap,,,17/09/2026 16:48
6ab90b35-ff65-4c94-bd1e-208dbe163590,greased.rehab,available,14.99,52.99,high,low,7,name.com,,,20/08/2026 19:33
15eec688-6084-485e-84c2-86417564f22e,junky.rehab,available,36.99,36.99,medium,low,5,namesilo,,,17/09/2026 06:52
3236f304-34f4-424e-a1b4-c21aa9d65d8a,antipope.rehab,available,36.99,36.99,medium,low,8,namesilo,,,19/09/2026 15:00
ad82b6af-b300-4223-8c57-42924c81aa5a,advisor.rehab,premium,242,242,high,low,7,namesilo,,,25/09/2026 05:10
6f9cb900-1c9a-48df-8396-2265fab021ef,belling.rehab,available,36.99,36.99,medium,low,7,namesilo,,,23/09/2026 06:11
3bd6d0f0-5a2e-4df6-a700-da60624d2271,attachments.rehab,available,36.99,36.99,medium,low,11,namesilo,,,21/09/2026 01:43
af9d37bd-77ae-4858-a627-86a9a1817762,confirmed.rehab,available,38.48,47.48,high,low,9,namecheap,,,23/09/2026 19:53
f383e103-6168-4b54-bec0-b85e24531376,hie.rehab,available,38.48,47.48,medium,low,3,namecheap,,,09/09/2026 19:49
68dd4bc9-f0e4-43fe-b4ff-468dbc06c4a1,celebration.rehab,available,36.99,36.99,high,low,11,namesilo,,,27/09/2026 02:20
78469ea3-31d2-42f3-8345-0e4a6ead70d4,stabbing.rehab,available,14.99,52.99,medium,low,8,name.com,,,22/08/2026 19:19
9465983c-b86e-44d2-8786-c2c2c7f5e472,chiefs.rehab,available,36.99,36.99,medium,low,6,namesilo,,,18/09/2026 03:19
17285dea-8688-4b8a-8a06-59b100baccbe,endemic.rehab,available,14.99,52.99,high,low,7,name.com,,,07/08/2026 19:26
570c62a8-208d-4ccc-9d6b-31b7cbab332f,breezily.rehab,available,36.99,36.99,medium,low,8,namesilo,,,14/09/2026 01:28
56b274ec-256a-4bcb-8b2a-01dae6361343,bedpan.rehab,available,38.48,47.48,high,low,6,namecheap,,,22/09/2026 23:28
7ad73607-7cbe-49db-b956-cd35ea56c5b5,none.rehab,available,36.99,36.99,high,low,4,namesilo,,,25/09/2026 23:02
3080ab34-af0c-40ca-bb10-eaa83edf8b8a,allotted.rehab,available,14.99,52.99,high,low,8,name.com,,,
bcf5b830-fccf-4c9d-b0d0-7dae83053a99,cameraman.rehab,available,14.99,,high,low,9,name.com,,,
2d026b24-ea97-42c3-8674-f7cf70de1d80,russia.rehab,premium,242,242,high,medium,6,namesilo,,,
6a73f08c-7f4d-4f86-a3aa-af494cb9e1c4,sneak.rehab,available,36.99,36.99,high,low,5,namesilo,,,23/09/2026 12:44
5f0d2042-e980-498a-962f-8f41782a9fb5,griffith.rehab,available,36.99,36.99,high,low,8,namesilo,,,25/09/2026 04:33
fd614465-6ce6-4a1b-b410-5af51a4b46ed,truncated.rehab,available,36.99,36.99,medium,low,9,namesilo,,,11/09/2026 20:42
1b1712ac-4403-4896-a950-df2b426fe2c5,upton.rehab,available,28.2,28.2,medium,low,5,cloudflare,,,27/09/2026 11:29
458e3f00-b1a0-475a-b32a-076be75f6dfa,kerensky.rehab,available,36.99,36.99,high,low,8,namesilo,,,18/09/2026 05:02
888c4601-6630-44d1-8084-3279b11e9c88,dissent.rehab,available,14.99,,high,low,7,name.com,,,
b0b29082-a03a-4c3d-82c0-22c07e105d29,nobel.rehab,available,36.99,36.99,high,low,5,namesilo,,,18/09/2026 06:24
1ea684be-3ea4-4630-89c1-d6c1ce2f726c,revocation.rehab,available,36.99,36.99,medium,low,10,namesilo,,,19/09/2026 11:02
b6c2e3c2-7e46-4fbe-a753-a4cfc83cde7d,assamese.rehab,available,14.99,52.99,medium,low,8,name.com,,,07/08/2026 05:38
fe721aa9-45a7-4e8e-ba37-21201482aa97,nickel.rehab,available,36.99,36.99,high,low,6,namesilo,,,20/09/2026 22:42
a12bfb9d-d44d-4d5a-9f91-777de38143f1,ribbing.rehab,available,36.99,36.99,medium,low,7,namesilo,,,11/09/2026 10:01
69a0256c-01cc-4493-8fc1-63e974b5fb6c,unified.rehab,available,14.99,52.99,high,low,7,name.com,,,13/08/2026 00:16
d8755fa3-3a40-464a-869f-2bc35e67834f,untrusty.rehab,available,14.99,52.99,medium,low,8,name.com,,,12/09/2026 21:46
ce790148-02b7-45a4-9268-90e0c01e848c,risky.rehab,available,14.99,52.99,medium,low,5,name.com,,,21/08/2026 01:43
99723556-c08e-4e98-aa74-2639f559e0c5,socially.rehab,available,36.99,36.99,high,low,8,namesilo,,,16/09/2026 03:57
ccfc2bdd-37cf-4a66-a5d7-f432604ebfc1,hydroxy.rehab,available,14.99,52.99,medium,low,7,name.com,,,21/08/2026 16:25
24df6749-9b5f-4de7-976c-19a1f929e444,unspoiled.rehab,available,36.99,36.99,high,low,9,namesilo,,,12/09/2026 07:08
ff10c118-79e3-4348-9120-a4aeec0d6ced,aleutian.rehab,available,14.99,52.99,high,low,8,name.com,,,
baa615f6-a3b4-419c-8ce6-ee09faa614f6,costly.rehab,available,36.99,36.99,high,low,6,namesilo,,,24/09/2026 00:19
7a5cd272-a3bc-4681-8c4d-ed185f5aa947,aorta.rehab,available,36.99,36.99,high,low,5,namesilo,,,19/09/2026 16:04
3bd5088d-3e5c-47b3-8964-3d611ba9ce9e,chop.rehab,available,14.99,,high,low,4,name.com,,,
36a554c6-ea74-4a5d-bbee-fe786ca4bf21,emoji.rehab,available,14.99,,high,low,5,name.com,,,
60ec6337-3084-48b5-8600-b4391f292e5f,dishonor.rehab,available,14.99,,high,low,8,name.com,,,
5a4fe5fe-4d6b-4696-a2a8-7b612cd596b4,inspiration.rehab,available,14.99,,high,low,11,name.com,,,
312f38e4-0dfc-40d4-9bf5-b83555f111a7,unassured.rehab,available,36.99,36.99,medium,low,9,namesilo,,,12/09/2026 01:14